id	facility_id	name	date	created_at	updated_at
1	1	土曜日	2023-11-03 15:00:00.000000 +00:00	2023-11-23 03:44:25.601157 +00:00	1700711066
2	1	日曜日	2023-11-04 15:00:00.000000 +00:00	2023-11-23 03:44:25.601157 +00:00	1700711066
3	1	土曜日	2023-11-10 15:00:00.000000 +00:00	2023-11-23 03:44:25.601157 +00:00	1700711066
4	1	日曜日	2023-11-11 15:00:00.000000 +00:00	2023-11-23 03:44:25.601157 +00:00	1700711066
5	1	土曜日	2023-11-17 15:00:00.000000 +00:00	2023-11-23 03:44:25.601157 +00:00	1700711066
6	1	日曜日	2023-11-18 15:00:00.000000 +00:00	2023-11-23 03:44:25.601157 +00:00	1700711066
7	1	土曜日	2023-11-24 15:00:00.000000 +00:00	2023-11-23 03:44:25.601157 +00:00	1700711066
8	1	日曜日	2023-11-25 15:00:00.000000 +00:00	2023-11-23 03:44:25.601157 +00:00	1700711066
9	2	土曜日	2023-10-06 15:00:00.000000 +00:00	2023-11-23 03:53:40.949626 +00:00	1700711621
10	2	日曜日	2023-10-07 15:00:00.000000 +00:00	2023-11-23 03:53:40.949626 +00:00	1700711621
11	2	土曜日	2023-10-13 15:00:00.000000 +00:00	2023-11-23 03:53:40.949626 +00:00	1700711621
12	2	日曜日	2023-10-14 15:00:00.000000 +00:00	2023-11-23 03:53:40.949626 +00:00	1700711621
13	2	土曜日	2023-10-20 15:00:00.000000 +00:00	2023-11-23 03:53:40.949626 +00:00	1700711621
14	2	日曜日	2023-10-21 15:00:00.000000 +00:00	2023-11-23 03:53:40.949626 +00:00	1700711621
15	2	土曜日	2023-10-27 15:00:00.000000 +00:00	2023-11-23 03:53:40.949626 +00:00	1700711621
16	2	日曜日	2023-10-28 15:00:00.000000 +00:00	2023-11-23 03:53:40.949626 +00:00	1700711621
17	2	土曜日	2023-11-03 15:00:00.000000 +00:00	2023-11-23 03:53:40.949626 +00:00	1700711621
18	2	日曜日	2023-11-04 15:00:00.000000 +00:00	2023-11-23 03:53:40.949626 +00:00	1700711621
19	2	土曜日	2023-11-10 15:00:00.000000 +00:00	2023-11-23 03:53:40.949626 +00:00	1700711621
20	2	日曜日	2023-11-11 15:00:00.000000 +00:00	2023-11-23 03:53:40.949626 +00:00	1700711621
21	2	土曜日	2023-11-17 15:00:00.000000 +00:00	2023-11-23 03:53:40.949626 +00:00	1700711621
22	2	日曜日	2023-11-18 15:00:00.000000 +00:00	2023-11-23 03:53:40.949626 +00:00	1700711621
23	2	土曜日	2023-11-24 15:00:00.000000 +00:00	2023-11-23 03:53:40.949626 +00:00	1700711621
24	2	日曜日	2023-11-25 15:00:00.000000 +00:00	2023-11-23 03:53:40.949626 +00:00	1700711621
25	3	土曜日	2023-11-03 15:00:00.000000 +00:00	2023-11-23 04:04:08.541549 +00:00	1700712249
26	3	日曜日	2023-11-04 15:00:00.000000 +00:00	2023-11-23 04:04:08.541549 +00:00	1700712249
27	3	土曜日	2023-11-10 15:00:00.000000 +00:00	2023-11-23 04:04:08.541549 +00:00	1700712249
28	3	日曜日	2023-11-11 15:00:00.000000 +00:00	2023-11-23 04:04:08.541549 +00:00	1700712249
29	3	土曜日	2023-11-17 15:00:00.000000 +00:00	2023-11-23 04:04:08.541549 +00:00	1700712249
30	3	日曜日	2023-11-18 15:00:00.000000 +00:00	2023-11-23 04:04:08.541549 +00:00	1700712249
31	3	土曜日	2023-11-24 15:00:00.000000 +00:00	2023-11-23 04:04:08.541549 +00:00	1700712249
32	3	日曜日	2023-11-25 15:00:00.000000 +00:00	2023-11-23 04:04:08.541549 +00:00	1700712249
33	4	土曜日	2023-10-13 15:00:00.000000 +00:00	2023-11-24 02:23:32.733411 +00:00	1700792613
34	4	日曜日	2023-10-14 15:00:00.000000 +00:00	2023-11-24 02:23:32.733411 +00:00	1700792613
35	4	土曜日	2023-10-20 15:00:00.000000 +00:00	2023-11-24 02:23:32.733411 +00:00	1700792613
36	4	日曜日	2023-10-21 15:00:00.000000 +00:00	2023-11-24 02:23:32.733411 +00:00	1700792613
37	4	土曜日	2023-10-27 15:00:00.000000 +00:00	2023-11-24 02:23:32.733411 +00:00	1700792613
38	4	日曜日	2023-10-28 15:00:00.000000 +00:00	2023-11-24 02:23:32.733411 +00:00	1700792613
39	4	土曜日	2023-11-03 15:00:00.000000 +00:00	2023-11-24 02:23:32.733411 +00:00	1700792613
40	4	日曜日	2023-11-04 15:00:00.000000 +00:00	2023-11-24 02:23:32.733411 +00:00	1700792613
41	4	土曜日	2023-11-10 15:00:00.000000 +00:00	2023-11-24 02:23:32.733411 +00:00	1700792613
42	4	日曜日	2023-11-11 15:00:00.000000 +00:00	2023-11-24 02:23:32.733411 +00:00	1700792613
43	4	土曜日	2023-11-17 15:00:00.000000 +00:00	2023-11-24 02:23:32.733411 +00:00	1700792613
44	4	日曜日	2023-11-18 15:00:00.000000 +00:00	2023-11-24 02:23:32.733411 +00:00	1700792613
45	4	土曜日	2023-11-24 15:00:00.000000 +00:00	2023-11-24 02:23:32.733411 +00:00	1700792613
46	4	日曜日	2023-11-25 15:00:00.000000 +00:00	2023-11-24 02:23:32.733411 +00:00	1700792613
47	5	土曜日	2023-10-13 15:00:00.000000 +00:00	2023-11-24 02:24:08.255602 +00:00	1700792648
48	5	日曜日	2023-10-14 15:00:00.000000 +00:00	2023-11-24 02:24:08.255602 +00:00	1700792648
49	5	土曜日	2023-10-20 15:00:00.000000 +00:00	2023-11-24 02:24:08.255602 +00:00	1700792648
50	5	日曜日	2023-10-21 15:00:00.000000 +00:00	2023-11-24 02:24:08.255602 +00:00	1700792648
51	5	土曜日	2023-10-27 15:00:00.000000 +00:00	2023-11-24 02:24:08.255602 +00:00	1700792648
52	5	日曜日	2023-10-28 15:00:00.000000 +00:00	2023-11-24 02:24:08.255602 +00:00	1700792648
53	5	土曜日	2023-11-03 15:00:00.000000 +00:00	2023-11-24 02:24:08.255602 +00:00	1700792648
54	5	日曜日	2023-11-04 15:00:00.000000 +00:00	2023-11-24 02:24:08.255602 +00:00	1700792648
55	5	土曜日	2023-11-10 15:00:00.000000 +00:00	2023-11-24 02:24:08.255602 +00:00	1700792648
56	5	日曜日	2023-11-11 15:00:00.000000 +00:00	2023-11-24 02:24:08.255602 +00:00	1700792648
57	5	土曜日	2023-11-17 15:00:00.000000 +00:00	2023-11-24 02:24:08.255602 +00:00	1700792648
58	5	日曜日	2023-11-18 15:00:00.000000 +00:00	2023-11-24 02:24:08.255602 +00:00	1700792648
59	5	土曜日	2023-11-24 15:00:00.000000 +00:00	2023-11-24 02:24:08.255602 +00:00	1700792648
60	5	日曜日	2023-11-25 15:00:00.000000 +00:00	2023-11-24 02:24:08.255602 +00:00	1700792648
61	5	土曜日	2023-12-01 15:00:00.000000 +00:00	2023-11-24 02:24:08.255602 +00:00	1700792648
62	5	日曜日	2023-12-02 15:00:00.000000 +00:00	2023-11-24 02:24:08.255602 +00:00	1700792648
63	5	土曜日	2023-12-08 15:00:00.000000 +00:00	2023-11-24 02:24:08.255602 +00:00	1700792648
64	5	日曜日	2023-12-09 15:00:00.000000 +00:00	2023-11-24 02:24:08.255602 +00:00	1700792648
65	6	土曜日	2023-10-13 15:00:00.000000 +00:00	2023-11-24 02:24:42.681791 +00:00	1700792683
66	6	日曜日	2023-10-14 15:00:00.000000 +00:00	2023-11-24 02:24:42.681791 +00:00	1700792683
67	6	土曜日	2023-10-20 15:00:00.000000 +00:00	2023-11-24 02:24:42.681791 +00:00	1700792683
68	6	日曜日	2023-10-21 15:00:00.000000 +00:00	2023-11-24 02:24:42.681791 +00:00	1700792683
69	6	土曜日	2023-10-27 15:00:00.000000 +00:00	2023-11-24 02:24:42.681791 +00:00	1700792683
70	6	日曜日	2023-10-28 15:00:00.000000 +00:00	2023-11-24 02:24:42.681791 +00:00	1700792683
71	6	土曜日	2023-11-03 15:00:00.000000 +00:00	2023-11-24 02:24:42.681791 +00:00	1700792683
72	6	日曜日	2023-11-04 15:00:00.000000 +00:00	2023-11-24 02:24:42.681791 +00:00	1700792683
73	6	土曜日	2023-11-10 15:00:00.000000 +00:00	2023-11-24 02:24:42.681791 +00:00	1700792683
74	6	日曜日	2023-11-11 15:00:00.000000 +00:00	2023-11-24 02:24:42.681791 +00:00	1700792683
75	6	土曜日	2023-11-17 15:00:00.000000 +00:00	2023-11-24 02:24:42.681791 +00:00	1700792683
76	6	日曜日	2023-11-18 15:00:00.000000 +00:00	2023-11-24 02:24:42.681791 +00:00	1700792683
77	6	土曜日	2023-11-24 15:00:00.000000 +00:00	2023-11-24 02:24:42.681791 +00:00	1700792683
78	6	日曜日	2023-11-25 15:00:00.000000 +00:00	2023-11-24 02:24:42.681791 +00:00	1700792683
79	7	土曜日	2023-10-13 15:00:00.000000 +00:00	2023-11-24 02:25:11.345039 +00:00	1700792711
80	7	日曜日	2023-10-14 15:00:00.000000 +00:00	2023-11-24 02:25:11.345039 +00:00	1700792711
81	7	土曜日	2023-10-20 15:00:00.000000 +00:00	2023-11-24 02:25:11.345039 +00:00	1700792711
82	7	日曜日	2023-10-21 15:00:00.000000 +00:00	2023-11-24 02:25:11.345039 +00:00	1700792711
83	7	土曜日	2023-10-27 15:00:00.000000 +00:00	2023-11-24 02:25:11.345039 +00:00	1700792711
84	7	日曜日	2023-10-28 15:00:00.000000 +00:00	2023-11-24 02:25:11.345039 +00:00	1700792711
85	7	土曜日	2023-11-03 15:00:00.000000 +00:00	2023-11-24 02:25:11.345039 +00:00	1700792711
86	7	日曜日	2023-11-04 15:00:00.000000 +00:00	2023-11-24 02:25:11.345039 +00:00	1700792711
87	7	土曜日	2023-11-10 15:00:00.000000 +00:00	2023-11-24 02:25:11.345039 +00:00	1700792711
88	7	日曜日	2023-11-11 15:00:00.000000 +00:00	2023-11-24 02:25:11.345039 +00:00	1700792711
89	7	土曜日	2023-11-17 15:00:00.000000 +00:00	2023-11-24 02:25:11.345039 +00:00	1700792711
90	7	日曜日	2023-11-18 15:00:00.000000 +00:00	2023-11-24 02:25:11.345039 +00:00	1700792711
91	7	土曜日	2023-11-24 15:00:00.000000 +00:00	2023-11-24 02:25:11.345039 +00:00	1700792711
92	7	日曜日	2023-11-25 15:00:00.000000 +00:00	2023-11-24 02:25:11.345039 +00:00	1700792711
93	7	土曜日	2023-12-01 15:00:00.000000 +00:00	2023-11-24 02:25:11.345039 +00:00	1700792711
94	7	日曜日	2023-12-02 15:00:00.000000 +00:00	2023-11-24 02:25:11.345039 +00:00	1700792711
95	8	土曜日	2023-11-17 15:00:00.000000 +00:00	2023-11-24 02:25:41.317148 +00:00	1700792741
96	8	日曜日	2023-11-18 15:00:00.000000 +00:00	2023-11-24 02:25:41.317148 +00:00	1700792741
97	8	土曜日	2023-11-24 15:00:00.000000 +00:00	2023-11-24 02:25:41.317148 +00:00	1700792741
98	8	日曜日	2023-11-25 15:00:00.000000 +00:00	2023-11-24 02:25:41.317148 +00:00	1700792741
99	8	土曜日	2023-12-01 15:00:00.000000 +00:00	2023-11-24 02:25:41.317148 +00:00	1700792741
100	8	日曜日	2023-12-02 15:00:00.000000 +00:00	2023-11-24 02:25:41.317148 +00:00	1700792741
101	8	土曜日	2023-12-08 15:00:00.000000 +00:00	2023-11-24 02:25:41.317148 +00:00	1700792741
102	8	日曜日	2023-12-09 15:00:00.000000 +00:00	2023-11-24 02:25:41.317148 +00:00	1700792741
103	8	土曜日	2023-12-15 15:00:00.000000 +00:00	2023-11-24 02:25:41.317148 +00:00	1700792741
104	8	日曜日	2023-12-16 15:00:00.000000 +00:00	2023-11-24 02:25:41.317148 +00:00	1700792741
105	8	土曜日	2023-12-22 15:00:00.000000 +00:00	2023-11-24 02:25:41.317148 +00:00	1700792741
106	8	日曜日	2023-12-23 15:00:00.000000 +00:00	2023-11-24 02:25:41.317148 +00:00	1700792741
107	9	土曜日	2023-11-17 15:00:00.000000 +00:00	2023-11-24 02:26:20.920992 +00:00	1700792781
108	9	日曜日	2023-11-18 15:00:00.000000 +00:00	2023-11-24 02:26:20.920992 +00:00	1700792781
109	9	土曜日	2023-11-24 15:00:00.000000 +00:00	2023-11-24 02:26:20.920992 +00:00	1700792781
110	9	日曜日	2023-11-25 15:00:00.000000 +00:00	2023-11-24 02:26:20.920992 +00:00	1700792781
111	9	土曜日	2023-12-01 15:00:00.000000 +00:00	2023-11-24 02:26:20.920992 +00:00	1700792781
112	9	日曜日	2023-12-02 15:00:00.000000 +00:00	2023-11-24 02:26:20.920992 +00:00	1700792781
113	9	土曜日	2023-12-08 15:00:00.000000 +00:00	2023-11-24 02:26:20.920992 +00:00	1700792781
114	9	日曜日	2023-12-09 15:00:00.000000 +00:00	2023-11-24 02:26:20.920992 +00:00	1700792781
115	9	土曜日	2023-12-15 15:00:00.000000 +00:00	2023-11-24 02:26:20.920992 +00:00	1700792781
116	9	日曜日	2023-12-16 15:00:00.000000 +00:00	2023-11-24 02:26:20.920992 +00:00	1700792781
117	9	土曜日	2023-12-22 15:00:00.000000 +00:00	2023-11-24 02:26:20.920992 +00:00	1700792781
118	9	日曜日	2023-12-23 15:00:00.000000 +00:00	2023-11-24 02:26:20.920992 +00:00	1700792781
119	9	土曜日	2023-12-29 15:00:00.000000 +00:00	2023-11-24 02:26:20.920992 +00:00	1700792781
120	9	日曜日	2023-12-30 15:00:00.000000 +00:00	2023-11-24 02:26:20.920992 +00:00	1700792781
121	9	土曜日	2024-01-05 15:00:00.000000 +00:00	2023-11-24 02:26:20.920992 +00:00	1700792781
122	9	日曜日	2024-01-06 15:00:00.000000 +00:00	2023-11-24 02:26:20.920992 +00:00	1700792781
123	9	土曜日	2024-01-12 15:00:00.000000 +00:00	2023-11-24 02:26:20.920992 +00:00	1700792781
124	9	日曜日	2024-01-13 15:00:00.000000 +00:00	2023-11-24 02:26:20.920992 +00:00	1700792781
125	9	土曜日	2024-01-19 15:00:00.000000 +00:00	2023-11-24 02:26:20.920992 +00:00	1700792781
126	9	日曜日	2024-01-20 15:00:00.000000 +00:00	2023-11-24 02:26:20.920992 +00:00	1700792781
127	9	土曜日	2024-01-26 15:00:00.000000 +00:00	2023-11-24 02:26:20.920992 +00:00	1700792781
128	9	日曜日	2024-01-27 15:00:00.000000 +00:00	2023-11-24 02:26:20.920992 +00:00	1700792781
129	9	土曜日	2024-02-02 15:00:00.000000 +00:00	2023-11-24 02:26:20.920992 +00:00	1700792781
130	9	日曜日	2024-02-03 15:00:00.000000 +00:00	2023-11-24 02:26:20.920992 +00:00	1700792781
131	10	土曜日	2023-09-29 15:00:00.000000 +00:00	2023-11-24 02:27:06.247369 +00:00	1700792826
132	10	日曜日	2023-09-30 15:00:00.000000 +00:00	2023-11-24 02:27:06.247369 +00:00	1700792826
133	10	土曜日	2023-10-06 15:00:00.000000 +00:00	2023-11-24 02:27:06.247369 +00:00	1700792826
134	10	日曜日	2023-10-07 15:00:00.000000 +00:00	2023-11-24 02:27:06.247369 +00:00	1700792826
135	10	土曜日	2023-10-13 15:00:00.000000 +00:00	2023-11-24 02:27:06.247369 +00:00	1700792826
136	10	日曜日	2023-10-14 15:00:00.000000 +00:00	2023-11-24 02:27:06.247369 +00:00	1700792826
137	10	土曜日	2023-10-20 15:00:00.000000 +00:00	2023-11-24 02:27:06.247369 +00:00	1700792826
138	10	日曜日	2023-10-21 15:00:00.000000 +00:00	2023-11-24 02:27:06.247369 +00:00	1700792826
139	10	土曜日	2023-10-27 15:00:00.000000 +00:00	2023-11-24 02:27:06.247369 +00:00	1700792826
140	10	日曜日	2023-10-28 15:00:00.000000 +00:00	2023-11-24 02:27:06.247369 +00:00	1700792826
141	10	土曜日	2023-11-03 15:00:00.000000 +00:00	2023-11-24 02:27:06.247369 +00:00	1700792826
142	10	日曜日	2023-11-04 15:00:00.000000 +00:00	2023-11-24 02:27:06.247369 +00:00	1700792826
143	10	土曜日	2023-11-10 15:00:00.000000 +00:00	2023-11-24 02:27:06.247369 +00:00	1700792826
144	10	日曜日	2023-11-11 15:00:00.000000 +00:00	2023-11-24 02:27:06.247369 +00:00	1700792826
145	10	土曜日	2023-11-17 15:00:00.000000 +00:00	2023-11-24 02:27:06.247369 +00:00	1700792826
146	10	日曜日	2023-11-18 15:00:00.000000 +00:00	2023-11-24 02:27:06.247369 +00:00	1700792826
147	10	土曜日	2023-11-24 15:00:00.000000 +00:00	2023-11-24 02:27:06.247369 +00:00	1700792826
148	10	日曜日	2023-11-25 15:00:00.000000 +00:00	2023-11-24 02:27:06.247369 +00:00	1700792826
149	11	土曜日	2023-10-20 15:00:00.000000 +00:00	2023-11-24 02:27:58.389480 +00:00	1700792878
150	11	日曜日	2023-10-21 15:00:00.000000 +00:00	2023-11-24 02:27:58.389480 +00:00	1700792878
151	11	土曜日	2023-10-27 15:00:00.000000 +00:00	2023-11-24 02:27:58.389480 +00:00	1700792878
152	11	日曜日	2023-10-28 15:00:00.000000 +00:00	2023-11-24 02:27:58.389480 +00:00	1700792878
153	11	土曜日	2023-11-03 15:00:00.000000 +00:00	2023-11-24 02:27:58.389480 +00:00	1700792878
154	11	日曜日	2023-11-04 15:00:00.000000 +00:00	2023-11-24 02:27:58.389480 +00:00	1700792878
155	11	土曜日	2023-11-10 15:00:00.000000 +00:00	2023-11-24 02:27:58.389480 +00:00	1700792878
156	11	日曜日	2023-11-11 15:00:00.000000 +00:00	2023-11-24 02:27:58.389480 +00:00	1700792878
157	11	土曜日	2023-11-17 15:00:00.000000 +00:00	2023-11-24 02:27:58.389480 +00:00	1700792878
158	11	日曜日	2023-11-18 15:00:00.000000 +00:00	2023-11-24 02:27:58.389480 +00:00	1700792878
159	11	土曜日	2023-11-24 15:00:00.000000 +00:00	2023-11-24 02:27:58.389480 +00:00	1700792878
160	11	日曜日	2023-11-25 15:00:00.000000 +00:00	2023-11-24 02:27:58.389480 +00:00	1700792878
161	11	土曜日	2023-12-01 15:00:00.000000 +00:00	2023-11-24 02:27:58.389480 +00:00	1700792878
162	11	日曜日	2023-12-02 15:00:00.000000 +00:00	2023-11-24 02:27:58.389480 +00:00	1700792878
163	11	土曜日	2023-12-08 15:00:00.000000 +00:00	2023-11-24 02:27:58.389480 +00:00	1700792878
164	11	日曜日	2023-12-09 15:00:00.000000 +00:00	2023-11-24 02:27:58.389480 +00:00	1700792878
165	11	土曜日	2023-12-15 15:00:00.000000 +00:00	2023-11-24 02:27:58.389480 +00:00	1700792878
166	11	日曜日	2023-12-16 15:00:00.000000 +00:00	2023-11-24 02:27:58.389480 +00:00	1700792878
167	11	土曜日	2023-12-22 15:00:00.000000 +00:00	2023-11-24 02:27:58.389480 +00:00	1700792878
168	11	日曜日	2023-12-23 15:00:00.000000 +00:00	2023-11-24 02:27:58.389480 +00:00	1700792878
169	11	土曜日	2023-12-29 15:00:00.000000 +00:00	2023-11-24 02:27:58.389480 +00:00	1700792878
170	11	日曜日	2023-12-30 15:00:00.000000 +00:00	2023-11-24 02:27:58.389480 +00:00	1700792878
171	11	土曜日	2024-01-05 15:00:00.000000 +00:00	2023-11-24 02:27:58.389480 +00:00	1700792878
172	11	日曜日	2024-01-06 15:00:00.000000 +00:00	2023-11-24 02:27:58.389480 +00:00	1700792878
173	11	土曜日	2024-01-12 15:00:00.000000 +00:00	2023-11-24 02:27:58.389480 +00:00	1700792878
174	11	日曜日	2024-01-13 15:00:00.000000 +00:00	2023-11-24 02:27:58.389480 +00:00	1700792878
175	11	土曜日	2024-01-19 15:00:00.000000 +00:00	2023-11-24 02:27:58.389480 +00:00	1700792878
176	11	日曜日	2024-01-20 15:00:00.000000 +00:00	2023-11-24 02:27:58.389480 +00:00	1700792878
177	11	土曜日	2024-01-26 15:00:00.000000 +00:00	2023-11-24 02:27:58.389480 +00:00	1700792878
178	11	日曜日	2024-01-27 15:00:00.000000 +00:00	2023-11-24 02:27:58.389480 +00:00	1700792878
179	11	土曜日	2024-02-02 15:00:00.000000 +00:00	2023-11-24 02:27:58.389480 +00:00	1700792878
180	11	日曜日	2024-02-03 15:00:00.000000 +00:00	2023-11-24 02:27:58.389480 +00:00	1700792878
181	11	土曜日	2024-02-09 15:00:00.000000 +00:00	2023-11-24 02:27:58.389480 +00:00	1700792878
182	11	日曜日	2024-02-10 15:00:00.000000 +00:00	2023-11-24 02:27:58.389480 +00:00	1700792878
183	11	土曜日	2024-02-16 15:00:00.000000 +00:00	2023-11-24 02:27:58.389480 +00:00	1700792878
184	11	日曜日	2024-02-17 15:00:00.000000 +00:00	2023-11-24 02:27:58.389480 +00:00	1700792878
185	11	土曜日	2024-02-23 15:00:00.000000 +00:00	2023-11-24 02:27:58.389480 +00:00	1700792878
186	11	日曜日	2024-02-24 15:00:00.000000 +00:00	2023-11-24 02:27:58.389480 +00:00	1700792878
187	11	土曜日	2024-03-01 15:00:00.000000 +00:00	2023-11-24 02:27:58.389480 +00:00	1700792878
188	11	日曜日	2024-03-02 15:00:00.000000 +00:00	2023-11-24 02:27:58.389480 +00:00	1700792878
189	11	土曜日	2024-03-08 15:00:00.000000 +00:00	2023-11-24 02:27:58.389480 +00:00	1700792878
190	11	日曜日	2024-03-09 15:00:00.000000 +00:00	2023-11-24 02:27:58.389480 +00:00	1700792878
191	11	土曜日	2024-03-15 15:00:00.000000 +00:00	2023-11-24 02:27:58.389480 +00:00	1700792878
192	11	日曜日	2024-03-16 15:00:00.000000 +00:00	2023-11-24 02:27:58.389480 +00:00	1700792878
193	11	土曜日	2024-03-22 15:00:00.000000 +00:00	2023-11-24 02:27:58.389480 +00:00	1700792878
194	11	日曜日	2024-03-23 15:00:00.000000 +00:00	2023-11-24 02:27:58.389480 +00:00	1700792878
195	11	土曜日	2024-03-29 15:00:00.000000 +00:00	2023-11-24 02:27:58.389480 +00:00	1700792878
196	11	日曜日	2024-03-30 15:00:00.000000 +00:00	2023-11-24 02:27:58.389480 +00:00	1700792878
197	11	土曜日	2024-04-05 15:00:00.000000 +00:00	2023-11-24 02:27:58.389480 +00:00	1700792878
198	11	日曜日	2024-04-06 15:00:00.000000 +00:00	2023-11-24 02:27:58.389480 +00:00	1700792878
199	11	土曜日	2024-04-12 15:00:00.000000 +00:00	2023-11-24 02:27:58.389480 +00:00	1700792878
200	11	日曜日	2024-04-13 15:00:00.000000 +00:00	2023-11-24 02:27:58.389480 +00:00	1700792878
201	11	土曜日	2024-04-19 15:00:00.000000 +00:00	2023-11-24 02:27:58.389480 +00:00	1700792878
202	11	日曜日	2024-04-20 15:00:00.000000 +00:00	2023-11-24 02:27:58.389480 +00:00	1700792878
203	11	土曜日	2024-04-26 15:00:00.000000 +00:00	2023-11-24 02:27:58.389480 +00:00	1700792878
204	11	日曜日	2024-04-27 15:00:00.000000 +00:00	2023-11-24 02:27:58.389480 +00:00	1700792878
205	12	土曜日	2023-11-03 15:00:00.000000 +00:00	2023-11-24 02:29:03.472729 +00:00	1700792943
206	12	日曜日	2023-11-04 15:00:00.000000 +00:00	2023-11-24 02:29:03.472729 +00:00	1700792943
207	12	土曜日	2023-11-10 15:00:00.000000 +00:00	2023-11-24 02:29:03.472729 +00:00	1700792943
208	12	日曜日	2023-11-11 15:00:00.000000 +00:00	2023-11-24 02:29:03.472729 +00:00	1700792943
209	12	土曜日	2023-11-17 15:00:00.000000 +00:00	2023-11-24 02:29:03.472729 +00:00	1700792943
210	12	日曜日	2023-11-18 15:00:00.000000 +00:00	2023-11-24 02:29:03.472729 +00:00	1700792943
211	12	土曜日	2023-11-24 15:00:00.000000 +00:00	2023-11-24 02:29:03.472729 +00:00	1700792943
212	12	日曜日	2023-11-25 15:00:00.000000 +00:00	2023-11-24 02:29:03.472729 +00:00	1700792943
213	13	土曜日	2023-07-07 15:00:00.000000 +00:00	2023-11-24 02:35:48.269927 +00:00	1700793348
214	13	日曜日	2023-07-08 15:00:00.000000 +00:00	2023-11-24 02:35:48.269927 +00:00	1700793348
215	13	土曜日	2023-07-14 15:00:00.000000 +00:00	2023-11-24 02:35:48.269927 +00:00	1700793348
216	13	日曜日	2023-07-15 15:00:00.000000 +00:00	2023-11-24 02:35:48.269927 +00:00	1700793348
217	13	土曜日	2023-07-21 15:00:00.000000 +00:00	2023-11-24 02:35:48.269927 +00:00	1700793348
218	13	日曜日	2023-07-22 15:00:00.000000 +00:00	2023-11-24 02:35:48.269927 +00:00	1700793348
219	13	土曜日	2023-07-28 15:00:00.000000 +00:00	2023-11-24 02:35:48.269927 +00:00	1700793348
220	13	日曜日	2023-07-29 15:00:00.000000 +00:00	2023-11-24 02:35:48.269927 +00:00	1700793348
221	13	土曜日	2023-08-04 15:00:00.000000 +00:00	2023-11-24 02:35:48.269927 +00:00	1700793348
222	13	日曜日	2023-08-05 15:00:00.000000 +00:00	2023-11-24 02:35:48.269927 +00:00	1700793348
223	13	土曜日	2023-08-11 15:00:00.000000 +00:00	2023-11-24 02:35:48.269927 +00:00	1700793348
224	13	日曜日	2023-08-12 15:00:00.000000 +00:00	2023-11-24 02:35:48.269927 +00:00	1700793348
225	13	土曜日	2023-08-18 15:00:00.000000 +00:00	2023-11-24 02:35:48.269927 +00:00	1700793348
226	13	日曜日	2023-08-19 15:00:00.000000 +00:00	2023-11-24 02:35:48.269927 +00:00	1700793348
227	13	土曜日	2023-08-25 15:00:00.000000 +00:00	2023-11-24 02:35:48.269927 +00:00	1700793348
228	13	日曜日	2023-08-26 15:00:00.000000 +00:00	2023-11-24 02:35:48.269927 +00:00	1700793348
229	13	土曜日	2023-09-01 15:00:00.000000 +00:00	2023-11-24 02:35:48.269927 +00:00	1700793348
230	13	日曜日	2023-09-02 15:00:00.000000 +00:00	2023-11-24 02:35:48.269927 +00:00	1700793348
231	13	土曜日	2023-09-08 15:00:00.000000 +00:00	2023-11-24 02:35:48.269927 +00:00	1700793348
232	13	日曜日	2023-09-09 15:00:00.000000 +00:00	2023-11-24 02:35:48.269927 +00:00	1700793348
233	13	土曜日	2023-09-15 15:00:00.000000 +00:00	2023-11-24 02:35:48.269927 +00:00	1700793348
234	13	日曜日	2023-09-16 15:00:00.000000 +00:00	2023-11-24 02:35:48.269927 +00:00	1700793348
235	13	土曜日	2023-09-22 15:00:00.000000 +00:00	2023-11-24 02:35:48.269927 +00:00	1700793348
236	13	日曜日	2023-09-23 15:00:00.000000 +00:00	2023-11-24 02:35:48.269927 +00:00	1700793348
237	13	土曜日	2023-09-29 15:00:00.000000 +00:00	2023-11-24 02:35:48.269927 +00:00	1700793348
238	13	日曜日	2023-09-30 15:00:00.000000 +00:00	2023-11-24 02:35:48.269927 +00:00	1700793348
239	13	土曜日	2023-10-06 15:00:00.000000 +00:00	2023-11-24 02:35:48.269927 +00:00	1700793348
240	13	日曜日	2023-10-07 15:00:00.000000 +00:00	2023-11-24 02:35:48.269927 +00:00	1700793348
241	13	土曜日	2023-10-13 15:00:00.000000 +00:00	2023-11-24 02:35:48.269927 +00:00	1700793348
242	13	日曜日	2023-10-14 15:00:00.000000 +00:00	2023-11-24 02:35:48.269927 +00:00	1700793348
243	13	土曜日	2023-10-20 15:00:00.000000 +00:00	2023-11-24 02:35:48.269927 +00:00	1700793348
244	13	日曜日	2023-10-21 15:00:00.000000 +00:00	2023-11-24 02:35:48.269927 +00:00	1700793348
245	13	土曜日	2023-10-27 15:00:00.000000 +00:00	2023-11-24 02:35:48.269927 +00:00	1700793348
246	13	日曜日	2023-10-28 15:00:00.000000 +00:00	2023-11-24 02:35:48.269927 +00:00	1700793348
247	13	土曜日	2023-11-03 15:00:00.000000 +00:00	2023-11-24 02:35:48.269927 +00:00	1700793348
248	13	日曜日	2023-11-04 15:00:00.000000 +00:00	2023-11-24 02:35:48.269927 +00:00	1700793348
249	13	土曜日	2023-11-10 15:00:00.000000 +00:00	2023-11-24 02:35:48.269927 +00:00	1700793348
250	13	日曜日	2023-11-11 15:00:00.000000 +00:00	2023-11-24 02:35:48.269927 +00:00	1700793348
251	13	土曜日	2023-11-17 15:00:00.000000 +00:00	2023-11-24 02:35:48.269927 +00:00	1700793348
252	13	日曜日	2023-11-18 15:00:00.000000 +00:00	2023-11-24 02:35:48.269927 +00:00	1700793348
253	13	土曜日	2023-11-24 15:00:00.000000 +00:00	2023-11-24 02:35:48.269927 +00:00	1700793348
254	13	日曜日	2023-11-25 15:00:00.000000 +00:00	2023-11-24 02:35:48.269927 +00:00	1700793348
255	13	土曜日	2023-12-01 15:00:00.000000 +00:00	2023-11-24 02:35:48.269927 +00:00	1700793348
256	13	日曜日	2023-12-02 15:00:00.000000 +00:00	2023-11-24 02:35:48.269927 +00:00	1700793348
257	13	土曜日	2023-12-08 15:00:00.000000 +00:00	2023-11-24 02:35:48.269927 +00:00	1700793348
258	13	日曜日	2023-12-09 15:00:00.000000 +00:00	2023-11-24 02:35:48.269927 +00:00	1700793348
259	13	土曜日	2023-12-15 15:00:00.000000 +00:00	2023-11-24 02:35:48.269927 +00:00	1700793348
260	13	日曜日	2023-12-16 15:00:00.000000 +00:00	2023-11-24 02:35:48.269927 +00:00	1700793348
261	13	土曜日	2023-12-22 15:00:00.000000 +00:00	2023-11-24 02:35:48.269927 +00:00	1700793348
262	13	日曜日	2023-12-23 15:00:00.000000 +00:00	2023-11-24 02:35:48.269927 +00:00	1700793348
263	13	土曜日	2023-12-29 15:00:00.000000 +00:00	2023-11-24 02:35:48.269927 +00:00	1700793348
264	13	日曜日	2023-12-30 15:00:00.000000 +00:00	2023-11-24 02:35:48.269927 +00:00	1700793348
265	13	土曜日	2024-01-05 15:00:00.000000 +00:00	2023-11-24 02:35:48.269927 +00:00	1700793348
266	13	日曜日	2024-01-06 15:00:00.000000 +00:00	2023-11-24 02:35:48.269927 +00:00	1700793348
267	13	土曜日	2024-01-12 15:00:00.000000 +00:00	2023-11-24 02:35:48.269927 +00:00	1700793348
268	13	日曜日	2024-01-13 15:00:00.000000 +00:00	2023-11-24 02:35:48.269927 +00:00	1700793348
269	13	土曜日	2024-01-19 15:00:00.000000 +00:00	2023-11-24 02:35:48.269927 +00:00	1700793348
270	13	日曜日	2024-01-20 15:00:00.000000 +00:00	2023-11-24 02:35:48.269927 +00:00	1700793348
271	13	土曜日	2024-01-26 15:00:00.000000 +00:00	2023-11-24 02:35:48.269927 +00:00	1700793348
272	13	日曜日	2024-01-27 15:00:00.000000 +00:00	2023-11-24 02:35:48.269927 +00:00	1700793348
273	14	土曜日	2023-10-27 15:00:00.000000 +00:00	2023-11-24 02:36:31.207354 +00:00	1700793391
274	14	日曜日	2023-10-28 15:00:00.000000 +00:00	2023-11-24 02:36:31.207354 +00:00	1700793391
275	14	土曜日	2023-11-03 15:00:00.000000 +00:00	2023-11-24 02:36:31.207354 +00:00	1700793391
276	14	日曜日	2023-11-04 15:00:00.000000 +00:00	2023-11-24 02:36:31.207354 +00:00	1700793391
277	14	土曜日	2023-11-10 15:00:00.000000 +00:00	2023-11-24 02:36:31.207354 +00:00	1700793391
278	14	日曜日	2023-11-11 15:00:00.000000 +00:00	2023-11-24 02:36:31.207354 +00:00	1700793391
279	14	土曜日	2023-11-17 15:00:00.000000 +00:00	2023-11-24 02:36:31.207354 +00:00	1700793391
280	14	日曜日	2023-11-18 15:00:00.000000 +00:00	2023-11-24 02:36:31.207354 +00:00	1700793391
281	14	土曜日	2023-11-24 15:00:00.000000 +00:00	2023-11-24 02:36:31.207354 +00:00	1700793391
282	14	日曜日	2023-11-25 15:00:00.000000 +00:00	2023-11-24 02:36:31.207354 +00:00	1700793391
283	14	土曜日	2023-12-01 15:00:00.000000 +00:00	2023-11-24 02:36:31.207354 +00:00	1700793391
284	14	日曜日	2023-12-02 15:00:00.000000 +00:00	2023-11-24 02:36:31.207354 +00:00	1700793391
285	14	土曜日	2023-12-08 15:00:00.000000 +00:00	2023-11-24 02:36:31.207354 +00:00	1700793391
286	14	日曜日	2023-12-09 15:00:00.000000 +00:00	2023-11-24 02:36:31.207354 +00:00	1700793391
287	14	土曜日	2023-12-15 15:00:00.000000 +00:00	2023-11-24 02:36:31.207354 +00:00	1700793391
288	14	日曜日	2023-12-16 15:00:00.000000 +00:00	2023-11-24 02:36:31.207354 +00:00	1700793391
289	14	土曜日	2023-12-22 15:00:00.000000 +00:00	2023-11-24 02:36:31.207354 +00:00	1700793391
290	14	日曜日	2023-12-23 15:00:00.000000 +00:00	2023-11-24 02:36:31.207354 +00:00	1700793391
291	14	土曜日	2023-12-29 15:00:00.000000 +00:00	2023-11-24 02:36:31.207354 +00:00	1700793391
292	14	日曜日	2023-12-30 15:00:00.000000 +00:00	2023-11-24 02:36:31.207354 +00:00	1700793391
293	14	土曜日	2024-01-05 15:00:00.000000 +00:00	2023-11-24 02:36:31.207354 +00:00	1700793391
294	14	日曜日	2024-01-06 15:00:00.000000 +00:00	2023-11-24 02:36:31.207354 +00:00	1700793391
295	14	土曜日	2024-01-12 15:00:00.000000 +00:00	2023-11-24 02:36:31.207354 +00:00	1700793391
296	14	日曜日	2024-01-13 15:00:00.000000 +00:00	2023-11-24 02:36:31.207354 +00:00	1700793391
297	14	土曜日	2024-01-19 15:00:00.000000 +00:00	2023-11-24 02:36:31.207354 +00:00	1700793391
298	14	日曜日	2024-01-20 15:00:00.000000 +00:00	2023-11-24 02:36:31.207354 +00:00	1700793391
299	14	土曜日	2024-01-26 15:00:00.000000 +00:00	2023-11-24 02:36:31.207354 +00:00	1700793391
300	14	日曜日	2024-01-27 15:00:00.000000 +00:00	2023-11-24 02:36:31.207354 +00:00	1700793391
301	15	土曜日	2023-07-07 15:00:00.000000 +00:00	2023-11-24 02:36:56.963985 +00:00	1700793417
302	15	日曜日	2023-07-08 15:00:00.000000 +00:00	2023-11-24 02:36:56.963985 +00:00	1700793417
303	15	土曜日	2023-07-14 15:00:00.000000 +00:00	2023-11-24 02:36:56.963985 +00:00	1700793417
304	15	日曜日	2023-07-15 15:00:00.000000 +00:00	2023-11-24 02:36:56.963985 +00:00	1700793417
305	15	土曜日	2023-07-21 15:00:00.000000 +00:00	2023-11-24 02:36:56.963985 +00:00	1700793417
306	15	日曜日	2023-07-22 15:00:00.000000 +00:00	2023-11-24 02:36:56.963985 +00:00	1700793417
307	15	土曜日	2023-07-28 15:00:00.000000 +00:00	2023-11-24 02:36:56.963985 +00:00	1700793417
308	15	日曜日	2023-07-29 15:00:00.000000 +00:00	2023-11-24 02:36:56.963985 +00:00	1700793417
309	15	土曜日	2023-08-04 15:00:00.000000 +00:00	2023-11-24 02:36:56.963985 +00:00	1700793417
310	15	日曜日	2023-08-05 15:00:00.000000 +00:00	2023-11-24 02:36:56.963985 +00:00	1700793417
311	15	土曜日	2023-08-11 15:00:00.000000 +00:00	2023-11-24 02:36:56.963985 +00:00	1700793417
312	15	日曜日	2023-08-12 15:00:00.000000 +00:00	2023-11-24 02:36:56.963985 +00:00	1700793417
313	15	土曜日	2023-08-18 15:00:00.000000 +00:00	2023-11-24 02:36:56.963985 +00:00	1700793417
314	15	日曜日	2023-08-19 15:00:00.000000 +00:00	2023-11-24 02:36:56.963985 +00:00	1700793417
315	15	土曜日	2023-08-25 15:00:00.000000 +00:00	2023-11-24 02:36:56.963985 +00:00	1700793417
316	15	日曜日	2023-08-26 15:00:00.000000 +00:00	2023-11-24 02:36:56.963985 +00:00	1700793417
317	15	土曜日	2023-09-01 15:00:00.000000 +00:00	2023-11-24 02:36:56.963985 +00:00	1700793417
318	15	日曜日	2023-09-02 15:00:00.000000 +00:00	2023-11-24 02:36:56.963985 +00:00	1700793417
319	15	土曜日	2023-09-08 15:00:00.000000 +00:00	2023-11-24 02:36:56.963985 +00:00	1700793417
320	15	日曜日	2023-09-09 15:00:00.000000 +00:00	2023-11-24 02:36:56.963985 +00:00	1700793417
321	15	土曜日	2023-09-15 15:00:00.000000 +00:00	2023-11-24 02:36:56.963985 +00:00	1700793417
322	15	日曜日	2023-09-16 15:00:00.000000 +00:00	2023-11-24 02:36:56.963985 +00:00	1700793417
323	15	土曜日	2023-09-22 15:00:00.000000 +00:00	2023-11-24 02:36:56.963985 +00:00	1700793417
324	15	日曜日	2023-09-23 15:00:00.000000 +00:00	2023-11-24 02:36:56.963985 +00:00	1700793417
325	15	土曜日	2023-09-29 15:00:00.000000 +00:00	2023-11-24 02:36:56.963985 +00:00	1700793417
326	15	日曜日	2023-09-30 15:00:00.000000 +00:00	2023-11-24 02:36:56.963985 +00:00	1700793417
327	15	土曜日	2023-10-06 15:00:00.000000 +00:00	2023-11-24 02:36:56.963985 +00:00	1700793417
328	15	日曜日	2023-10-07 15:00:00.000000 +00:00	2023-11-24 02:36:56.963985 +00:00	1700793417
329	15	土曜日	2023-10-13 15:00:00.000000 +00:00	2023-11-24 02:36:56.963985 +00:00	1700793417
330	15	日曜日	2023-10-14 15:00:00.000000 +00:00	2023-11-24 02:36:56.963985 +00:00	1700793417
331	15	土曜日	2023-10-20 15:00:00.000000 +00:00	2023-11-24 02:36:56.963985 +00:00	1700793417
332	15	日曜日	2023-10-21 15:00:00.000000 +00:00	2023-11-24 02:36:56.963985 +00:00	1700793417
333	15	土曜日	2023-10-27 15:00:00.000000 +00:00	2023-11-24 02:36:56.963985 +00:00	1700793417
334	15	日曜日	2023-10-28 15:00:00.000000 +00:00	2023-11-24 02:36:56.963985 +00:00	1700793417
335	15	土曜日	2023-11-03 15:00:00.000000 +00:00	2023-11-24 02:36:56.963985 +00:00	1700793417
336	15	日曜日	2023-11-04 15:00:00.000000 +00:00	2023-11-24 02:36:56.963985 +00:00	1700793417
337	15	土曜日	2023-11-10 15:00:00.000000 +00:00	2023-11-24 02:36:56.963985 +00:00	1700793417
338	15	日曜日	2023-11-11 15:00:00.000000 +00:00	2023-11-24 02:36:56.963985 +00:00	1700793417
339	15	土曜日	2023-11-17 15:00:00.000000 +00:00	2023-11-24 02:36:56.963985 +00:00	1700793417
340	15	日曜日	2023-11-18 15:00:00.000000 +00:00	2023-11-24 02:36:56.963985 +00:00	1700793417
341	15	土曜日	2023-11-24 15:00:00.000000 +00:00	2023-11-24 02:36:56.963985 +00:00	1700793417
342	15	日曜日	2023-11-25 15:00:00.000000 +00:00	2023-11-24 02:36:56.963985 +00:00	1700793417
343	15	土曜日	2023-12-01 15:00:00.000000 +00:00	2023-11-24 02:36:56.963985 +00:00	1700793417
344	15	日曜日	2023-12-02 15:00:00.000000 +00:00	2023-11-24 02:36:56.963985 +00:00	1700793417
345	15	土曜日	2023-12-08 15:00:00.000000 +00:00	2023-11-24 02:36:56.963985 +00:00	1700793417
346	15	日曜日	2023-12-09 15:00:00.000000 +00:00	2023-11-24 02:36:56.963985 +00:00	1700793417
347	15	土曜日	2023-12-15 15:00:00.000000 +00:00	2023-11-24 02:36:56.963985 +00:00	1700793417
348	15	日曜日	2023-12-16 15:00:00.000000 +00:00	2023-11-24 02:36:56.963985 +00:00	1700793417
349	15	土曜日	2023-12-22 15:00:00.000000 +00:00	2023-11-24 02:36:56.963985 +00:00	1700793417
350	15	日曜日	2023-12-23 15:00:00.000000 +00:00	2023-11-24 02:36:56.963985 +00:00	1700793417
351	15	土曜日	2023-12-29 15:00:00.000000 +00:00	2023-11-24 02:36:56.963985 +00:00	1700793417
352	15	日曜日	2023-12-30 15:00:00.000000 +00:00	2023-11-24 02:36:56.963985 +00:00	1700793417
353	15	土曜日	2024-01-05 15:00:00.000000 +00:00	2023-11-24 02:36:56.963985 +00:00	1700793417
354	15	日曜日	2024-01-06 15:00:00.000000 +00:00	2023-11-24 02:36:56.963985 +00:00	1700793417
355	15	土曜日	2024-01-12 15:00:00.000000 +00:00	2023-11-24 02:36:56.963985 +00:00	1700793417
356	15	日曜日	2024-01-13 15:00:00.000000 +00:00	2023-11-24 02:36:56.963985 +00:00	1700793417
357	15	土曜日	2024-01-19 15:00:00.000000 +00:00	2023-11-24 02:36:56.963985 +00:00	1700793417
358	15	日曜日	2024-01-20 15:00:00.000000 +00:00	2023-11-24 02:36:56.963985 +00:00	1700793417
359	15	土曜日	2024-01-26 15:00:00.000000 +00:00	2023-11-24 02:36:56.963985 +00:00	1700793417
360	15	日曜日	2024-01-27 15:00:00.000000 +00:00	2023-11-24 02:36:56.963985 +00:00	1700793417
361	15	土曜日	2024-02-02 15:00:00.000000 +00:00	2023-11-24 02:36:56.963985 +00:00	1700793417
362	15	日曜日	2024-02-03 15:00:00.000000 +00:00	2023-11-24 02:36:56.963985 +00:00	1700793417
363	15	土曜日	2024-02-09 15:00:00.000000 +00:00	2023-11-24 02:36:56.963985 +00:00	1700793417
364	15	日曜日	2024-02-10 15:00:00.000000 +00:00	2023-11-24 02:36:56.963985 +00:00	1700793417
365	15	土曜日	2024-02-16 15:00:00.000000 +00:00	2023-11-24 02:36:56.963985 +00:00	1700793417
366	15	日曜日	2024-02-17 15:00:00.000000 +00:00	2023-11-24 02:36:56.963985 +00:00	1700793417
367	15	土曜日	2024-02-23 15:00:00.000000 +00:00	2023-11-24 02:36:56.963985 +00:00	1700793417
368	15	日曜日	2024-02-24 15:00:00.000000 +00:00	2023-11-24 02:36:56.963985 +00:00	1700793417
369	15	土曜日	2024-03-01 15:00:00.000000 +00:00	2023-11-24 02:36:56.963985 +00:00	1700793417
370	15	日曜日	2024-03-02 15:00:00.000000 +00:00	2023-11-24 02:36:56.963985 +00:00	1700793417
371	15	土曜日	2024-03-08 15:00:00.000000 +00:00	2023-11-24 02:36:56.963985 +00:00	1700793417
372	15	日曜日	2024-03-09 15:00:00.000000 +00:00	2023-11-24 02:36:56.963985 +00:00	1700793417
373	15	土曜日	2024-03-15 15:00:00.000000 +00:00	2023-11-24 02:36:56.963985 +00:00	1700793417
374	15	日曜日	2024-03-16 15:00:00.000000 +00:00	2023-11-24 02:36:56.963985 +00:00	1700793417
375	15	土曜日	2024-03-22 15:00:00.000000 +00:00	2023-11-24 02:36:56.963985 +00:00	1700793417
376	15	日曜日	2024-03-23 15:00:00.000000 +00:00	2023-11-24 02:36:56.963985 +00:00	1700793417
377	15	土曜日	2024-03-29 15:00:00.000000 +00:00	2023-11-24 02:36:56.963985 +00:00	1700793417
378	15	日曜日	2024-03-30 15:00:00.000000 +00:00	2023-11-24 02:36:56.963985 +00:00	1700793417
379	15	土曜日	2024-04-05 15:00:00.000000 +00:00	2023-11-24 02:36:56.963985 +00:00	1700793417
380	15	日曜日	2024-04-06 15:00:00.000000 +00:00	2023-11-24 02:36:56.963985 +00:00	1700793417
381	15	土曜日	2024-04-12 15:00:00.000000 +00:00	2023-11-24 02:36:56.963985 +00:00	1700793417
382	15	日曜日	2024-04-13 15:00:00.000000 +00:00	2023-11-24 02:36:56.963985 +00:00	1700793417
383	15	土曜日	2024-04-19 15:00:00.000000 +00:00	2023-11-24 02:36:56.963985 +00:00	1700793417
384	15	日曜日	2024-04-20 15:00:00.000000 +00:00	2023-11-24 02:36:56.963985 +00:00	1700793417
385	15	土曜日	2024-04-26 15:00:00.000000 +00:00	2023-11-24 02:36:56.963985 +00:00	1700793417
386	15	日曜日	2024-04-27 15:00:00.000000 +00:00	2023-11-24 02:36:56.963985 +00:00	1700793417
387	16	土曜日	2023-09-01 15:00:00.000000 +00:00	2023-11-24 02:37:23.018505 +00:00	1700793443
388	16	日曜日	2023-09-02 15:00:00.000000 +00:00	2023-11-24 02:37:23.018505 +00:00	1700793443
389	16	土曜日	2023-09-08 15:00:00.000000 +00:00	2023-11-24 02:37:23.018505 +00:00	1700793443
390	16	日曜日	2023-09-09 15:00:00.000000 +00:00	2023-11-24 02:37:23.018505 +00:00	1700793443
391	16	土曜日	2023-09-15 15:00:00.000000 +00:00	2023-11-24 02:37:23.018505 +00:00	1700793443
392	16	日曜日	2023-09-16 15:00:00.000000 +00:00	2023-11-24 02:37:23.018505 +00:00	1700793443
393	16	土曜日	2023-09-22 15:00:00.000000 +00:00	2023-11-24 02:37:23.018505 +00:00	1700793443
394	16	日曜日	2023-09-23 15:00:00.000000 +00:00	2023-11-24 02:37:23.018505 +00:00	1700793443
395	16	土曜日	2023-09-29 15:00:00.000000 +00:00	2023-11-24 02:37:23.018505 +00:00	1700793443
396	16	日曜日	2023-09-30 15:00:00.000000 +00:00	2023-11-24 02:37:23.018505 +00:00	1700793443
397	16	土曜日	2023-10-06 15:00:00.000000 +00:00	2023-11-24 02:37:23.018505 +00:00	1700793443
398	16	日曜日	2023-10-07 15:00:00.000000 +00:00	2023-11-24 02:37:23.018505 +00:00	1700793443
399	16	土曜日	2023-10-13 15:00:00.000000 +00:00	2023-11-24 02:37:23.018505 +00:00	1700793443
400	16	日曜日	2023-10-14 15:00:00.000000 +00:00	2023-11-24 02:37:23.018505 +00:00	1700793443
401	16	土曜日	2023-10-20 15:00:00.000000 +00:00	2023-11-24 02:37:23.018505 +00:00	1700793443
402	16	日曜日	2023-10-21 15:00:00.000000 +00:00	2023-11-24 02:37:23.018505 +00:00	1700793443
403	16	土曜日	2023-10-27 15:00:00.000000 +00:00	2023-11-24 02:37:23.018505 +00:00	1700793443
404	16	日曜日	2023-10-28 15:00:00.000000 +00:00	2023-11-24 02:37:23.018505 +00:00	1700793443
405	16	土曜日	2023-11-03 15:00:00.000000 +00:00	2023-11-24 02:37:23.018505 +00:00	1700793443
406	16	日曜日	2023-11-04 15:00:00.000000 +00:00	2023-11-24 02:37:23.018505 +00:00	1700793443
407	16	土曜日	2023-11-10 15:00:00.000000 +00:00	2023-11-24 02:37:23.018505 +00:00	1700793443
408	16	日曜日	2023-11-11 15:00:00.000000 +00:00	2023-11-24 02:37:23.018505 +00:00	1700793443
409	16	土曜日	2023-11-17 15:00:00.000000 +00:00	2023-11-24 02:37:23.018505 +00:00	1700793443
410	16	日曜日	2023-11-18 15:00:00.000000 +00:00	2023-11-24 02:37:23.018505 +00:00	1700793443
411	16	土曜日	2023-11-24 15:00:00.000000 +00:00	2023-11-24 02:37:23.018505 +00:00	1700793443
412	16	日曜日	2023-11-25 15:00:00.000000 +00:00	2023-11-24 02:37:23.018505 +00:00	1700793443
413	16	土曜日	2023-12-01 15:00:00.000000 +00:00	2023-11-24 02:37:23.018505 +00:00	1700793443
414	16	日曜日	2023-12-02 15:00:00.000000 +00:00	2023-11-24 02:37:23.018505 +00:00	1700793443
415	16	土曜日	2023-12-08 15:00:00.000000 +00:00	2023-11-24 02:37:23.018505 +00:00	1700793443
416	16	日曜日	2023-12-09 15:00:00.000000 +00:00	2023-11-24 02:37:23.018505 +00:00	1700793443
417	16	土曜日	2023-12-15 15:00:00.000000 +00:00	2023-11-24 02:37:23.018505 +00:00	1700793443
418	16	日曜日	2023-12-16 15:00:00.000000 +00:00	2023-11-24 02:37:23.018505 +00:00	1700793443
419	16	土曜日	2023-12-22 15:00:00.000000 +00:00	2023-11-24 02:37:23.018505 +00:00	1700793443
420	16	日曜日	2023-12-23 15:00:00.000000 +00:00	2023-11-24 02:37:23.018505 +00:00	1700793443
421	16	土曜日	2023-12-29 15:00:00.000000 +00:00	2023-11-24 02:37:23.018505 +00:00	1700793443
422	16	日曜日	2023-12-30 15:00:00.000000 +00:00	2023-11-24 02:37:23.018505 +00:00	1700793443
423	16	土曜日	2024-01-05 15:00:00.000000 +00:00	2023-11-24 02:37:23.018505 +00:00	1700793443
424	16	日曜日	2024-01-06 15:00:00.000000 +00:00	2023-11-24 02:37:23.018505 +00:00	1700793443
425	16	土曜日	2024-01-12 15:00:00.000000 +00:00	2023-11-24 02:37:23.018505 +00:00	1700793443
426	16	日曜日	2024-01-13 15:00:00.000000 +00:00	2023-11-24 02:37:23.018505 +00:00	1700793443
427	16	土曜日	2024-01-19 15:00:00.000000 +00:00	2023-11-24 02:37:23.018505 +00:00	1700793443
428	16	日曜日	2024-01-20 15:00:00.000000 +00:00	2023-11-24 02:37:23.018505 +00:00	1700793443
429	16	土曜日	2024-01-26 15:00:00.000000 +00:00	2023-11-24 02:37:23.018505 +00:00	1700793443
430	16	日曜日	2024-01-27 15:00:00.000000 +00:00	2023-11-24 02:37:23.018505 +00:00	1700793443
431	16	土曜日	2024-02-02 15:00:00.000000 +00:00	2023-11-24 02:37:23.018505 +00:00	1700793443
432	16	日曜日	2024-02-03 15:00:00.000000 +00:00	2023-11-24 02:37:23.018505 +00:00	1700793443
433	16	土曜日	2024-02-09 15:00:00.000000 +00:00	2023-11-24 02:37:23.018505 +00:00	1700793443
434	16	日曜日	2024-02-10 15:00:00.000000 +00:00	2023-11-24 02:37:23.018505 +00:00	1700793443
435	16	土曜日	2024-02-16 15:00:00.000000 +00:00	2023-11-24 02:37:23.018505 +00:00	1700793443
436	16	日曜日	2024-02-17 15:00:00.000000 +00:00	2023-11-24 02:37:23.018505 +00:00	1700793443
437	16	土曜日	2024-02-23 15:00:00.000000 +00:00	2023-11-24 02:37:23.018505 +00:00	1700793443
438	16	日曜日	2024-02-24 15:00:00.000000 +00:00	2023-11-24 02:37:23.018505 +00:00	1700793443
439	16	土曜日	2024-03-01 15:00:00.000000 +00:00	2023-11-24 02:37:23.018505 +00:00	1700793443
440	16	日曜日	2024-03-02 15:00:00.000000 +00:00	2023-11-24 02:37:23.018505 +00:00	1700793443
441	16	土曜日	2024-03-08 15:00:00.000000 +00:00	2023-11-24 02:37:23.018505 +00:00	1700793443
442	16	日曜日	2024-03-09 15:00:00.000000 +00:00	2023-11-24 02:37:23.018505 +00:00	1700793443
443	16	土曜日	2024-03-15 15:00:00.000000 +00:00	2023-11-24 02:37:23.018505 +00:00	1700793443
444	16	日曜日	2024-03-16 15:00:00.000000 +00:00	2023-11-24 02:37:23.018505 +00:00	1700793443
445	16	土曜日	2024-03-22 15:00:00.000000 +00:00	2023-11-24 02:37:23.018505 +00:00	1700793443
446	16	日曜日	2024-03-23 15:00:00.000000 +00:00	2023-11-24 02:37:23.018505 +00:00	1700793443
447	16	土曜日	2024-03-29 15:00:00.000000 +00:00	2023-11-24 02:37:23.018505 +00:00	1700793443
448	16	日曜日	2024-03-30 15:00:00.000000 +00:00	2023-11-24 02:37:23.018505 +00:00	1700793443
449	16	土曜日	2024-04-05 15:00:00.000000 +00:00	2023-11-24 02:37:23.018505 +00:00	1700793443
450	16	日曜日	2024-04-06 15:00:00.000000 +00:00	2023-11-24 02:37:23.018505 +00:00	1700793443
451	16	土曜日	2024-04-12 15:00:00.000000 +00:00	2023-11-24 02:37:23.018505 +00:00	1700793443
452	16	日曜日	2024-04-13 15:00:00.000000 +00:00	2023-11-24 02:37:23.018505 +00:00	1700793443
453	16	土曜日	2024-04-19 15:00:00.000000 +00:00	2023-11-24 02:37:23.018505 +00:00	1700793443
454	16	日曜日	2024-04-20 15:00:00.000000 +00:00	2023-11-24 02:37:23.018505 +00:00	1700793443
455	16	土曜日	2024-04-26 15:00:00.000000 +00:00	2023-11-24 02:37:23.018505 +00:00	1700793443
456	16	日曜日	2024-04-27 15:00:00.000000 +00:00	2023-11-24 02:37:23.018505 +00:00	1700793443
457	16	土曜日	2024-05-03 15:00:00.000000 +00:00	2023-11-24 02:37:23.018505 +00:00	1700793443
458	16	日曜日	2024-05-04 15:00:00.000000 +00:00	2023-11-24 02:37:23.018505 +00:00	1700793443
459	16	土曜日	2024-05-10 15:00:00.000000 +00:00	2023-11-24 02:37:23.018505 +00:00	1700793443
460	16	日曜日	2024-05-11 15:00:00.000000 +00:00	2023-11-24 02:37:23.018505 +00:00	1700793443
461	17	土曜日	2023-12-22 15:00:00.000000 +00:00	2023-11-24 02:39:53.768722 +00:00	1700793594
462	17	日曜日	2023-12-23 15:00:00.000000 +00:00	2023-11-24 02:39:53.768722 +00:00	1700793594
463	17	土曜日	2023-12-29 15:00:00.000000 +00:00	2023-11-24 02:39:53.768722 +00:00	1700793594
464	17	日曜日	2023-12-30 15:00:00.000000 +00:00	2023-11-24 02:39:53.768722 +00:00	1700793594
465	17	土曜日	2024-01-05 15:00:00.000000 +00:00	2023-11-24 02:39:53.768722 +00:00	1700793594
466	17	日曜日	2024-01-06 15:00:00.000000 +00:00	2023-11-24 02:39:53.768722 +00:00	1700793594
467	17	土曜日	2024-01-12 15:00:00.000000 +00:00	2023-11-24 02:39:53.768722 +00:00	1700793594
468	17	日曜日	2024-01-13 15:00:00.000000 +00:00	2023-11-24 02:39:53.768722 +00:00	1700793594
469	17	土曜日	2024-01-19 15:00:00.000000 +00:00	2023-11-24 02:39:53.768722 +00:00	1700793594
470	17	日曜日	2024-01-20 15:00:00.000000 +00:00	2023-11-24 02:39:53.768722 +00:00	1700793594
471	17	土曜日	2024-01-26 15:00:00.000000 +00:00	2023-11-24 02:39:53.768722 +00:00	1700793594
472	17	日曜日	2024-01-27 15:00:00.000000 +00:00	2023-11-24 02:39:53.768722 +00:00	1700793594
473	17	土曜日	2024-02-02 15:00:00.000000 +00:00	2023-11-24 02:39:53.768722 +00:00	1700793594
474	17	日曜日	2024-02-03 15:00:00.000000 +00:00	2023-11-24 02:39:53.768722 +00:00	1700793594
475	17	土曜日	2024-02-09 15:00:00.000000 +00:00	2023-11-24 02:39:53.768722 +00:00	1700793594
476	17	日曜日	2024-02-10 15:00:00.000000 +00:00	2023-11-24 02:39:53.768722 +00:00	1700793594
477	17	土曜日	2024-02-16 15:00:00.000000 +00:00	2023-11-24 02:39:53.768722 +00:00	1700793594
478	17	日曜日	2024-02-17 15:00:00.000000 +00:00	2023-11-24 02:39:53.768722 +00:00	1700793594
479	17	土曜日	2024-02-23 15:00:00.000000 +00:00	2023-11-24 02:39:53.768722 +00:00	1700793594
480	17	日曜日	2024-02-24 15:00:00.000000 +00:00	2023-11-24 02:39:53.768722 +00:00	1700793594
481	17	土曜日	2024-03-01 15:00:00.000000 +00:00	2023-11-24 02:39:53.768722 +00:00	1700793594
482	17	日曜日	2024-03-02 15:00:00.000000 +00:00	2023-11-24 02:39:53.768722 +00:00	1700793594
483	17	土曜日	2024-03-08 15:00:00.000000 +00:00	2023-11-24 02:39:53.768722 +00:00	1700793594
484	17	日曜日	2024-03-09 15:00:00.000000 +00:00	2023-11-24 02:39:53.768722 +00:00	1700793594
485	17	土曜日	2024-03-15 15:00:00.000000 +00:00	2023-11-24 02:39:53.768722 +00:00	1700793594
486	17	日曜日	2024-03-16 15:00:00.000000 +00:00	2023-11-24 02:39:53.768722 +00:00	1700793594
487	17	土曜日	2024-03-22 15:00:00.000000 +00:00	2023-11-24 02:39:53.768722 +00:00	1700793594
488	17	日曜日	2024-03-23 15:00:00.000000 +00:00	2023-11-24 02:39:53.768722 +00:00	1700793594
489	17	土曜日	2024-03-29 15:00:00.000000 +00:00	2023-11-24 02:39:53.768722 +00:00	1700793594
490	17	日曜日	2024-03-30 15:00:00.000000 +00:00	2023-11-24 02:39:53.768722 +00:00	1700793594
491	17	土曜日	2024-04-05 15:00:00.000000 +00:00	2023-11-24 02:39:53.768722 +00:00	1700793594
492	17	日曜日	2024-04-06 15:00:00.000000 +00:00	2023-11-24 02:39:53.768722 +00:00	1700793594
493	17	土曜日	2024-04-12 15:00:00.000000 +00:00	2023-11-24 02:39:53.768722 +00:00	1700793594
494	17	日曜日	2024-04-13 15:00:00.000000 +00:00	2023-11-24 02:39:53.768722 +00:00	1700793594
495	17	土曜日	2024-04-19 15:00:00.000000 +00:00	2023-11-24 02:39:53.768722 +00:00	1700793594
496	17	日曜日	2024-04-20 15:00:00.000000 +00:00	2023-11-24 02:39:53.768722 +00:00	1700793594
497	17	土曜日	2024-04-26 15:00:00.000000 +00:00	2023-11-24 02:39:53.768722 +00:00	1700793594
498	17	日曜日	2024-04-27 15:00:00.000000 +00:00	2023-11-24 02:39:53.768722 +00:00	1700793594
499	17	土曜日	2024-05-03 15:00:00.000000 +00:00	2023-11-24 02:39:53.768722 +00:00	1700793594
500	17	日曜日	2024-05-04 15:00:00.000000 +00:00	2023-11-24 02:39:53.768722 +00:00	1700793594
501	17	土曜日	2024-05-10 15:00:00.000000 +00:00	2023-11-24 02:39:53.768722 +00:00	1700793594
502	17	日曜日	2024-05-11 15:00:00.000000 +00:00	2023-11-24 02:39:53.768722 +00:00	1700793594
503	17	土曜日	2024-05-17 15:00:00.000000 +00:00	2023-11-24 02:39:53.768722 +00:00	1700793594
504	17	日曜日	2024-05-18 15:00:00.000000 +00:00	2023-11-24 02:39:53.768722 +00:00	1700793594
505	18	土曜日	2023-10-27 15:00:00.000000 +00:00	2023-11-24 02:40:44.987430 +00:00	1700793645
506	18	日曜日	2023-10-28 15:00:00.000000 +00:00	2023-11-24 02:40:44.987430 +00:00	1700793645
507	18	土曜日	2023-11-03 15:00:00.000000 +00:00	2023-11-24 02:40:44.987430 +00:00	1700793645
508	18	日曜日	2023-11-04 15:00:00.000000 +00:00	2023-11-24 02:40:44.987430 +00:00	1700793645
509	18	土曜日	2023-11-10 15:00:00.000000 +00:00	2023-11-24 02:40:44.987430 +00:00	1700793645
510	18	日曜日	2023-11-11 15:00:00.000000 +00:00	2023-11-24 02:40:44.987430 +00:00	1700793645
511	18	土曜日	2023-11-17 15:00:00.000000 +00:00	2023-11-24 02:40:44.987430 +00:00	1700793645
512	18	日曜日	2023-11-18 15:00:00.000000 +00:00	2023-11-24 02:40:44.987430 +00:00	1700793645
513	18	土曜日	2023-11-24 15:00:00.000000 +00:00	2023-11-24 02:40:44.987430 +00:00	1700793645
514	18	日曜日	2023-11-25 15:00:00.000000 +00:00	2023-11-24 02:40:44.987430 +00:00	1700793645
515	18	土曜日	2023-12-01 15:00:00.000000 +00:00	2023-11-24 02:40:44.987430 +00:00	1700793645
516	18	日曜日	2023-12-02 15:00:00.000000 +00:00	2023-11-24 02:40:44.987430 +00:00	1700793645
517	18	土曜日	2023-12-08 15:00:00.000000 +00:00	2023-11-24 02:40:44.987430 +00:00	1700793645
518	18	日曜日	2023-12-09 15:00:00.000000 +00:00	2023-11-24 02:40:44.987430 +00:00	1700793645
519	18	土曜日	2023-12-15 15:00:00.000000 +00:00	2023-11-24 02:40:44.987430 +00:00	1700793645
520	18	日曜日	2023-12-16 15:00:00.000000 +00:00	2023-11-24 02:40:44.987430 +00:00	1700793645
521	18	土曜日	2023-12-22 15:00:00.000000 +00:00	2023-11-24 02:40:44.987430 +00:00	1700793645
522	18	日曜日	2023-12-23 15:00:00.000000 +00:00	2023-11-24 02:40:44.987430 +00:00	1700793645
523	18	土曜日	2023-12-29 15:00:00.000000 +00:00	2023-11-24 02:40:44.987430 +00:00	1700793645
524	18	日曜日	2023-12-30 15:00:00.000000 +00:00	2023-11-24 02:40:44.987430 +00:00	1700793645
525	18	土曜日	2024-01-05 15:00:00.000000 +00:00	2023-11-24 02:40:44.987430 +00:00	1700793645
526	18	日曜日	2024-01-06 15:00:00.000000 +00:00	2023-11-24 02:40:44.987430 +00:00	1700793645
527	18	土曜日	2024-01-12 15:00:00.000000 +00:00	2023-11-24 02:40:44.987430 +00:00	1700793645
528	18	日曜日	2024-01-13 15:00:00.000000 +00:00	2023-11-24 02:40:44.987430 +00:00	1700793645
529	18	土曜日	2024-01-19 15:00:00.000000 +00:00	2023-11-24 02:40:44.987430 +00:00	1700793645
530	18	日曜日	2024-01-20 15:00:00.000000 +00:00	2023-11-24 02:40:44.987430 +00:00	1700793645
531	18	土曜日	2024-01-26 15:00:00.000000 +00:00	2023-11-24 02:40:44.987430 +00:00	1700793645
532	18	日曜日	2024-01-27 15:00:00.000000 +00:00	2023-11-24 02:40:44.987430 +00:00	1700793645
533	18	土曜日	2024-02-02 15:00:00.000000 +00:00	2023-11-24 02:40:44.987430 +00:00	1700793645
534	18	日曜日	2024-02-03 15:00:00.000000 +00:00	2023-11-24 02:40:44.987430 +00:00	1700793645
535	18	土曜日	2024-02-09 15:00:00.000000 +00:00	2023-11-24 02:40:44.987430 +00:00	1700793645
536	18	日曜日	2024-02-10 15:00:00.000000 +00:00	2023-11-24 02:40:44.987430 +00:00	1700793645
537	18	土曜日	2024-02-16 15:00:00.000000 +00:00	2023-11-24 02:40:44.987430 +00:00	1700793645
538	18	日曜日	2024-02-17 15:00:00.000000 +00:00	2023-11-24 02:40:44.987430 +00:00	1700793645
539	18	土曜日	2024-02-23 15:00:00.000000 +00:00	2023-11-24 02:40:44.987430 +00:00	1700793645
540	18	日曜日	2024-02-24 15:00:00.000000 +00:00	2023-11-24 02:40:44.987430 +00:00	1700793645
541	18	土曜日	2024-03-01 15:00:00.000000 +00:00	2023-11-24 02:40:44.987430 +00:00	1700793645
542	18	日曜日	2024-03-02 15:00:00.000000 +00:00	2023-11-24 02:40:44.987430 +00:00	1700793645
543	18	土曜日	2024-03-08 15:00:00.000000 +00:00	2023-11-24 02:40:44.987430 +00:00	1700793645
544	18	日曜日	2024-03-09 15:00:00.000000 +00:00	2023-11-24 02:40:44.987430 +00:00	1700793645
545	18	土曜日	2024-03-15 15:00:00.000000 +00:00	2023-11-24 02:40:44.987430 +00:00	1700793645
546	18	日曜日	2024-03-16 15:00:00.000000 +00:00	2023-11-24 02:40:44.987430 +00:00	1700793645
547	18	土曜日	2024-03-22 15:00:00.000000 +00:00	2023-11-24 02:40:44.987430 +00:00	1700793645
548	18	日曜日	2024-03-23 15:00:00.000000 +00:00	2023-11-24 02:40:44.987430 +00:00	1700793645
549	18	土曜日	2024-03-29 15:00:00.000000 +00:00	2023-11-24 02:40:44.987430 +00:00	1700793645
550	18	日曜日	2024-03-30 15:00:00.000000 +00:00	2023-11-24 02:40:44.987430 +00:00	1700793645
551	18	土曜日	2024-04-05 15:00:00.000000 +00:00	2023-11-24 02:40:44.987430 +00:00	1700793645
552	18	日曜日	2024-04-06 15:00:00.000000 +00:00	2023-11-24 02:40:44.987430 +00:00	1700793645
553	18	土曜日	2024-04-12 15:00:00.000000 +00:00	2023-11-24 02:40:44.987430 +00:00	1700793645
554	18	日曜日	2024-04-13 15:00:00.000000 +00:00	2023-11-24 02:40:44.987430 +00:00	1700793645
555	18	土曜日	2024-04-19 15:00:00.000000 +00:00	2023-11-24 02:40:44.987430 +00:00	1700793645
556	18	日曜日	2024-04-20 15:00:00.000000 +00:00	2023-11-24 02:40:44.987430 +00:00	1700793645
557	18	土曜日	2024-04-26 15:00:00.000000 +00:00	2023-11-24 02:40:44.987430 +00:00	1700793645
558	18	日曜日	2024-04-27 15:00:00.000000 +00:00	2023-11-24 02:40:44.987430 +00:00	1700793645
559	18	土曜日	2024-05-03 15:00:00.000000 +00:00	2023-11-24 02:40:44.987430 +00:00	1700793645
560	18	日曜日	2024-05-04 15:00:00.000000 +00:00	2023-11-24 02:40:44.987430 +00:00	1700793645
561	18	土曜日	2024-05-10 15:00:00.000000 +00:00	2023-11-24 02:40:44.987430 +00:00	1700793645
562	18	日曜日	2024-05-11 15:00:00.000000 +00:00	2023-11-24 02:40:44.987430 +00:00	1700793645
563	18	土曜日	2024-05-17 15:00:00.000000 +00:00	2023-11-24 02:40:44.987430 +00:00	1700793645
564	18	日曜日	2024-05-18 15:00:00.000000 +00:00	2023-11-24 02:40:44.987430 +00:00	1700793645
565	19	土曜日	2023-11-17 15:00:00.000000 +00:00	2023-11-24 02:41:18.412372 +00:00	1700793678
566	19	日曜日	2023-11-18 15:00:00.000000 +00:00	2023-11-24 02:41:18.412372 +00:00	1700793678
567	19	土曜日	2023-11-24 15:00:00.000000 +00:00	2023-11-24 02:41:18.412372 +00:00	1700793678
568	19	日曜日	2023-11-25 15:00:00.000000 +00:00	2023-11-24 02:41:18.412372 +00:00	1700793678
569	19	土曜日	2023-12-01 15:00:00.000000 +00:00	2023-11-24 02:41:18.412372 +00:00	1700793678
570	19	日曜日	2023-12-02 15:00:00.000000 +00:00	2023-11-24 02:41:18.412372 +00:00	1700793678
571	19	土曜日	2023-12-08 15:00:00.000000 +00:00	2023-11-24 02:41:18.412372 +00:00	1700793678
572	19	日曜日	2023-12-09 15:00:00.000000 +00:00	2023-11-24 02:41:18.412372 +00:00	1700793678
573	19	土曜日	2023-12-15 15:00:00.000000 +00:00	2023-11-24 02:41:18.412372 +00:00	1700793678
574	19	日曜日	2023-12-16 15:00:00.000000 +00:00	2023-11-24 02:41:18.412372 +00:00	1700793678
575	19	土曜日	2023-12-22 15:00:00.000000 +00:00	2023-11-24 02:41:18.412372 +00:00	1700793678
576	19	日曜日	2023-12-23 15:00:00.000000 +00:00	2023-11-24 02:41:18.412372 +00:00	1700793678
577	19	土曜日	2023-12-29 15:00:00.000000 +00:00	2023-11-24 02:41:18.412372 +00:00	1700793678
578	19	日曜日	2023-12-30 15:00:00.000000 +00:00	2023-11-24 02:41:18.412372 +00:00	1700793678
579	19	土曜日	2024-01-05 15:00:00.000000 +00:00	2023-11-24 02:41:18.412372 +00:00	1700793678
580	19	日曜日	2024-01-06 15:00:00.000000 +00:00	2023-11-24 02:41:18.412372 +00:00	1700793678
582	19	日曜日	2024-01-13 15:00:00.000000 +00:00	2023-11-24 02:41:18.412372 +00:00	1700793678
583	19	土曜日	2024-01-19 15:00:00.000000 +00:00	2023-11-24 02:41:18.412372 +00:00	1700793678
584	19	日曜日	2024-01-20 15:00:00.000000 +00:00	2023-11-24 02:41:18.412372 +00:00	1700793678
585	19	土曜日	2024-01-26 15:00:00.000000 +00:00	2023-11-24 02:41:18.412372 +00:00	1700793678
586	19	日曜日	2024-01-27 15:00:00.000000 +00:00	2023-11-24 02:41:18.412372 +00:00	1700793678
587	19	土曜日	2024-02-02 15:00:00.000000 +00:00	2023-11-24 02:41:18.412372 +00:00	1700793678
588	19	日曜日	2024-02-03 15:00:00.000000 +00:00	2023-11-24 02:41:18.412372 +00:00	1700793678
589	19	土曜日	2024-02-09 15:00:00.000000 +00:00	2023-11-24 02:41:18.412372 +00:00	1700793678
590	19	日曜日	2024-02-10 15:00:00.000000 +00:00	2023-11-24 02:41:18.412372 +00:00	1700793678
591	20	土曜日	2023-10-13 15:00:00.000000 +00:00	2023-11-24 05:59:40.143844 +00:00	1700805580
592	20	日曜日	2023-10-14 15:00:00.000000 +00:00	2023-11-24 05:59:40.143844 +00:00	1700805580
593	20	土曜日	2023-10-20 15:00:00.000000 +00:00	2023-11-24 05:59:40.143844 +00:00	1700805580
594	20	日曜日	2023-10-21 15:00:00.000000 +00:00	2023-11-24 05:59:40.143844 +00:00	1700805580
595	20	土曜日	2023-10-27 15:00:00.000000 +00:00	2023-11-24 05:59:40.143844 +00:00	1700805580
596	20	日曜日	2023-10-28 15:00:00.000000 +00:00	2023-11-24 05:59:40.143844 +00:00	1700805580
597	20	土曜日	2023-11-03 15:00:00.000000 +00:00	2023-11-24 05:59:40.143844 +00:00	1700805580
598	20	日曜日	2023-11-04 15:00:00.000000 +00:00	2023-11-24 05:59:40.143844 +00:00	1700805580
599	20	土曜日	2023-11-10 15:00:00.000000 +00:00	2023-11-24 05:59:40.143844 +00:00	1700805580
600	20	日曜日	2023-11-11 15:00:00.000000 +00:00	2023-11-24 05:59:40.143844 +00:00	1700805580
601	20	土曜日	2023-11-17 15:00:00.000000 +00:00	2023-11-24 05:59:40.143844 +00:00	1700805580
602	20	日曜日	2023-11-18 15:00:00.000000 +00:00	2023-11-24 05:59:40.143844 +00:00	1700805580
603	20	土曜日	2023-11-24 15:00:00.000000 +00:00	2023-11-24 05:59:40.143844 +00:00	1700805580
604	20	日曜日	2023-11-25 15:00:00.000000 +00:00	2023-11-24 05:59:40.143844 +00:00	1700805580
605	21	土曜日	2023-10-13 15:00:00.000000 +00:00	2023-11-29 02:32:50.576634 +00:00	1701225171
606	21	日曜日	2023-10-14 15:00:00.000000 +00:00	2023-11-29 02:32:50.576634 +00:00	1701225171
607	21	土曜日	2023-10-20 15:00:00.000000 +00:00	2023-11-29 02:32:50.576634 +00:00	1701225171
608	21	日曜日	2023-10-21 15:00:00.000000 +00:00	2023-11-29 02:32:50.576634 +00:00	1701225171
609	21	土曜日	2023-10-27 15:00:00.000000 +00:00	2023-11-29 02:32:50.576634 +00:00	1701225171
610	21	日曜日	2023-10-28 15:00:00.000000 +00:00	2023-11-29 02:32:50.576634 +00:00	1701225171
611	21	土曜日	2023-11-03 15:00:00.000000 +00:00	2023-11-29 02:32:50.576634 +00:00	1701225171
612	21	日曜日	2023-11-04 15:00:00.000000 +00:00	2023-11-29 02:32:50.576634 +00:00	1701225171
613	21	土曜日	2023-11-10 15:00:00.000000 +00:00	2023-11-29 02:32:50.576634 +00:00	1701225171
614	21	日曜日	2023-11-11 15:00:00.000000 +00:00	2023-11-29 02:32:50.576634 +00:00	1701225171
615	21	土曜日	2023-11-17 15:00:00.000000 +00:00	2023-11-29 02:32:50.576634 +00:00	1701225171
616	21	日曜日	2023-11-18 15:00:00.000000 +00:00	2023-11-29 02:32:50.576634 +00:00	1701225171
617	21	土曜日	2023-11-24 15:00:00.000000 +00:00	2023-11-29 02:32:50.576634 +00:00	1701225171
618	21	日曜日	2023-11-25 15:00:00.000000 +00:00	2023-11-29 02:32:50.576634 +00:00	1701225171
619	19	休み	2023-12-28 15:00:00.000000 +00:00	2023-12-07 08:34:43.724495 +00:00	1701938083
620	19	休み	2023-12-31 15:00:00.000000 +00:00	2023-12-07 08:34:53.735210 +00:00	1701938093
621	19	休み	2024-01-01 15:00:00.000000 +00:00	2023-12-07 08:35:01.461823 +00:00	1701938101
622	19	休み	2024-01-02 15:00:00.000000 +00:00	2023-12-07 08:35:06.213964 +00:00	1701938106
623	19	休み	2024-01-03 15:00:00.000000 +00:00	2023-12-07 08:35:12.258811 +00:00	1701938112
624	19	休み	2024-01-04 15:00:00.000000 +00:00	2023-12-07 08:35:19.707889 +00:00	1701938119
625	19	休み	2024-01-07 15:00:00.000000 +00:00	2023-12-07 08:35:26.832989 +00:00	1701938126
626	22	土曜日	2024-05-03 15:00:00.000000 +00:00	2023-12-15 01:36:03.710055 +00:00	1702604164
627	22	日曜日	2024-05-04 15:00:00.000000 +00:00	2023-12-15 01:36:03.710055 +00:00	1702604164
628	22	土曜日	2024-05-10 15:00:00.000000 +00:00	2023-12-15 01:36:03.710055 +00:00	1702604164
629	22	日曜日	2024-05-11 15:00:00.000000 +00:00	2023-12-15 01:36:03.710055 +00:00	1702604164
630	22	土曜日	2024-05-17 15:00:00.000000 +00:00	2023-12-15 01:36:03.710055 +00:00	1702604164
631	22	日曜日	2024-05-18 15:00:00.000000 +00:00	2023-12-15 01:36:03.710055 +00:00	1702604164
632	22	土曜日	2024-05-24 15:00:00.000000 +00:00	2023-12-15 01:36:03.710055 +00:00	1702604164
633	22	日曜日	2024-05-25 15:00:00.000000 +00:00	2023-12-15 01:36:03.710055 +00:00	1702604164
634	22	土曜日	2024-05-31 15:00:00.000000 +00:00	2023-12-15 01:36:03.710055 +00:00	1702604164
635	22	日曜日	2024-06-01 15:00:00.000000 +00:00	2023-12-15 01:36:03.710055 +00:00	1702604164
636	22	土曜日	2024-06-07 15:00:00.000000 +00:00	2023-12-15 01:36:03.710055 +00:00	1702604164
637	22	日曜日	2024-06-08 15:00:00.000000 +00:00	2023-12-15 01:36:03.710055 +00:00	1702604164
638	22	土曜日	2024-06-14 15:00:00.000000 +00:00	2023-12-15 01:36:03.710055 +00:00	1702604164
639	22	日曜日	2024-06-15 15:00:00.000000 +00:00	2023-12-15 01:36:03.710055 +00:00	1702604164
640	22	土曜日	2024-06-21 15:00:00.000000 +00:00	2023-12-15 01:36:03.710055 +00:00	1702604164
641	22	日曜日	2024-06-22 15:00:00.000000 +00:00	2023-12-15 01:36:03.710055 +00:00	1702604164
642	22	土曜日	2024-06-28 15:00:00.000000 +00:00	2023-12-15 01:36:03.710055 +00:00	1702604164
643	22	日曜日	2024-06-29 15:00:00.000000 +00:00	2023-12-15 01:36:03.710055 +00:00	1702604164
644	22	土曜日	2024-07-05 15:00:00.000000 +00:00	2023-12-15 01:36:03.710055 +00:00	1702604164
645	22	日曜日	2024-07-06 15:00:00.000000 +00:00	2023-12-15 01:36:03.710055 +00:00	1702604164
646	22	土曜日	2024-07-12 15:00:00.000000 +00:00	2023-12-15 01:36:03.710055 +00:00	1702604164
647	22	日曜日	2024-07-13 15:00:00.000000 +00:00	2023-12-15 01:36:03.710055 +00:00	1702604164
648	22	土曜日	2024-07-19 15:00:00.000000 +00:00	2023-12-15 01:36:03.710055 +00:00	1702604164
649	22	日曜日	2024-07-20 15:00:00.000000 +00:00	2023-12-15 01:36:03.710055 +00:00	1702604164
650	22	土曜日	2024-07-26 15:00:00.000000 +00:00	2023-12-15 01:36:03.710055 +00:00	1702604164
651	22	日曜日	2024-07-27 15:00:00.000000 +00:00	2023-12-15 01:36:03.710055 +00:00	1702604164
652	22	土曜日	2024-08-02 15:00:00.000000 +00:00	2023-12-15 01:36:03.710055 +00:00	1702604164
653	22	日曜日	2024-08-03 15:00:00.000000 +00:00	2023-12-15 01:36:03.710055 +00:00	1702604164
654	22	土曜日	2024-08-09 15:00:00.000000 +00:00	2023-12-15 01:36:03.710055 +00:00	1702604164
655	22	日曜日	2024-08-10 15:00:00.000000 +00:00	2023-12-15 01:36:03.710055 +00:00	1702604164
656	22	土曜日	2024-08-16 15:00:00.000000 +00:00	2023-12-15 01:36:03.710055 +00:00	1702604164
657	22	日曜日	2024-08-17 15:00:00.000000 +00:00	2023-12-15 01:36:03.710055 +00:00	1702604164
658	22	土曜日	2024-08-23 15:00:00.000000 +00:00	2023-12-15 01:36:03.710055 +00:00	1702604164
659	22	日曜日	2024-08-24 15:00:00.000000 +00:00	2023-12-15 01:36:03.710055 +00:00	1702604164
660	22	土曜日	2024-08-30 15:00:00.000000 +00:00	2023-12-15 01:36:03.710055 +00:00	1702604164
661	22	日曜日	2024-08-31 15:00:00.000000 +00:00	2023-12-15 01:36:03.710055 +00:00	1702604164
662	22	土曜日	2024-09-06 15:00:00.000000 +00:00	2023-12-15 01:36:03.710055 +00:00	1702604164
663	22	日曜日	2024-09-07 15:00:00.000000 +00:00	2023-12-15 01:36:03.710055 +00:00	1702604164
664	22	土曜日	2024-09-13 15:00:00.000000 +00:00	2023-12-15 01:36:03.710055 +00:00	1702604164
665	22	日曜日	2024-09-14 15:00:00.000000 +00:00	2023-12-15 01:36:03.710055 +00:00	1702604164
666	22	土曜日	2024-09-20 15:00:00.000000 +00:00	2023-12-15 01:36:03.710055 +00:00	1702604164
667	22	日曜日	2024-09-21 15:00:00.000000 +00:00	2023-12-15 01:36:03.710055 +00:00	1702604164
668	22	土曜日	2024-09-27 15:00:00.000000 +00:00	2023-12-15 01:36:03.710055 +00:00	1702604164
669	22	日曜日	2024-09-28 15:00:00.000000 +00:00	2023-12-15 01:36:03.710055 +00:00	1702604164
670	22	土曜日	2024-10-04 15:00:00.000000 +00:00	2023-12-15 01:36:03.710055 +00:00	1702604164
671	22	日曜日	2024-10-05 15:00:00.000000 +00:00	2023-12-15 01:36:03.710055 +00:00	1702604164
672	22	土曜日	2024-10-11 15:00:00.000000 +00:00	2023-12-15 01:36:03.710055 +00:00	1702604164
673	22	日曜日	2024-10-12 15:00:00.000000 +00:00	2023-12-15 01:36:03.710055 +00:00	1702604164
674	22	土曜日	2024-10-18 15:00:00.000000 +00:00	2023-12-15 01:36:03.710055 +00:00	1702604164
675	22	日曜日	2024-10-19 15:00:00.000000 +00:00	2023-12-15 01:36:03.710055 +00:00	1702604164
676	22	土曜日	2024-10-25 15:00:00.000000 +00:00	2023-12-15 01:36:03.710055 +00:00	1702604164
677	22	日曜日	2024-10-26 15:00:00.000000 +00:00	2023-12-15 01:36:03.710055 +00:00	1702604164
678	22	土曜日	2024-11-01 15:00:00.000000 +00:00	2023-12-15 01:36:03.710055 +00:00	1702604164
679	22	日曜日	2024-11-02 15:00:00.000000 +00:00	2023-12-15 01:36:03.710055 +00:00	1702604164
680	22	土曜日	2024-11-08 15:00:00.000000 +00:00	2023-12-15 01:36:03.710055 +00:00	1702604164
681	22	日曜日	2024-11-09 15:00:00.000000 +00:00	2023-12-15 01:36:03.710055 +00:00	1702604164
682	22	土曜日	2024-11-15 15:00:00.000000 +00:00	2023-12-15 01:36:03.710055 +00:00	1702604164
683	22	日曜日	2024-11-16 15:00:00.000000 +00:00	2023-12-15 01:36:03.710055 +00:00	1702604164
684	22	土曜日	2024-11-22 15:00:00.000000 +00:00	2023-12-15 01:36:03.710055 +00:00	1702604164
685	22	日曜日	2024-11-23 15:00:00.000000 +00:00	2023-12-15 01:36:03.710055 +00:00	1702604164
686	22	土曜日	2024-11-29 15:00:00.000000 +00:00	2023-12-15 01:36:03.710055 +00:00	1702604164
687	22	日曜日	2024-11-30 15:00:00.000000 +00:00	2023-12-15 01:36:03.710055 +00:00	1702604164
688	22	土曜日	2024-12-06 15:00:00.000000 +00:00	2023-12-15 01:36:03.710055 +00:00	1702604164
689	22	日曜日	2024-12-07 15:00:00.000000 +00:00	2023-12-15 01:36:03.710055 +00:00	1702604164
690	22	土曜日	2024-12-13 15:00:00.000000 +00:00	2023-12-15 01:36:03.710055 +00:00	1702604164
691	22	日曜日	2024-12-14 15:00:00.000000 +00:00	2023-12-15 01:36:03.710055 +00:00	1702604164
692	22	土曜日	2024-12-20 15:00:00.000000 +00:00	2023-12-15 01:36:03.710055 +00:00	1702604164
693	22	日曜日	2024-12-21 15:00:00.000000 +00:00	2023-12-15 01:36:03.710055 +00:00	1702604164
694	22	土曜日	2024-12-27 15:00:00.000000 +00:00	2023-12-15 01:36:03.710055 +00:00	1702604164
695	22	日曜日	2024-12-28 15:00:00.000000 +00:00	2023-12-15 01:36:03.710055 +00:00	1702604164
696	22	土曜日	2025-01-03 15:00:00.000000 +00:00	2023-12-15 01:36:03.710055 +00:00	1702604164
697	22	日曜日	2025-01-04 15:00:00.000000 +00:00	2023-12-15 01:36:03.710055 +00:00	1702604164
698	22	土曜日	2025-01-10 15:00:00.000000 +00:00	2023-12-15 01:36:03.710055 +00:00	1702604164
699	22	日曜日	2025-01-11 15:00:00.000000 +00:00	2023-12-15 01:36:03.710055 +00:00	1702604164
700	22	土曜日	2025-01-17 15:00:00.000000 +00:00	2023-12-15 01:36:03.710055 +00:00	1702604164
701	22	日曜日	2025-01-18 15:00:00.000000 +00:00	2023-12-15 01:36:03.710055 +00:00	1702604164
702	22	土曜日	2025-01-24 15:00:00.000000 +00:00	2023-12-15 01:36:03.710055 +00:00	1702604164
703	22	日曜日	2025-01-25 15:00:00.000000 +00:00	2023-12-15 01:36:03.710055 +00:00	1702604164
704	22	土曜日	2025-01-31 15:00:00.000000 +00:00	2023-12-15 01:36:03.710055 +00:00	1702604164
705	22	日曜日	2025-02-01 15:00:00.000000 +00:00	2023-12-15 01:36:03.710055 +00:00	1702604164
706	22	土曜日	2025-02-07 15:00:00.000000 +00:00	2023-12-15 01:36:03.710055 +00:00	1702604164
707	22	日曜日	2025-02-08 15:00:00.000000 +00:00	2023-12-15 01:36:03.710055 +00:00	1702604164
708	22	土曜日	2025-02-14 15:00:00.000000 +00:00	2023-12-15 01:36:03.710055 +00:00	1702604164
709	22	日曜日	2025-02-15 15:00:00.000000 +00:00	2023-12-15 01:36:03.710055 +00:00	1702604164
710	22	土曜日	2025-02-21 15:00:00.000000 +00:00	2023-12-15 01:36:03.710055 +00:00	1702604164
711	22	日曜日	2025-02-22 15:00:00.000000 +00:00	2023-12-15 01:36:03.710055 +00:00	1702604164
712	22	土曜日	2025-02-28 15:00:00.000000 +00:00	2023-12-15 01:36:03.710055 +00:00	1702604164
713	22	日曜日	2025-03-01 15:00:00.000000 +00:00	2023-12-15 01:36:03.710055 +00:00	1702604164
714	22	土曜日	2025-03-07 15:00:00.000000 +00:00	2023-12-15 01:36:03.710055 +00:00	1702604164
715	22	日曜日	2025-03-08 15:00:00.000000 +00:00	2023-12-15 01:36:03.710055 +00:00	1702604164
716	22	土曜日	2025-03-14 15:00:00.000000 +00:00	2023-12-15 01:36:03.710055 +00:00	1702604164
717	22	日曜日	2025-03-15 15:00:00.000000 +00:00	2023-12-15 01:36:03.710055 +00:00	1702604164
718	22	土曜日	2025-03-21 15:00:00.000000 +00:00	2023-12-15 01:36:03.710055 +00:00	1702604164
719	22	日曜日	2025-03-22 15:00:00.000000 +00:00	2023-12-15 01:36:03.710055 +00:00	1702604164
720	22	土曜日	2025-03-28 15:00:00.000000 +00:00	2023-12-15 01:36:03.710055 +00:00	1702604164
721	22	日曜日	2025-03-29 15:00:00.000000 +00:00	2023-12-15 01:36:03.710055 +00:00	1702604164
722	22	土曜日	2025-04-04 15:00:00.000000 +00:00	2023-12-15 01:36:03.710055 +00:00	1702604164
723	22	日曜日	2025-04-05 15:00:00.000000 +00:00	2023-12-15 01:36:03.710055 +00:00	1702604164
724	22	土曜日	2025-04-11 15:00:00.000000 +00:00	2023-12-15 01:36:03.710055 +00:00	1702604164
725	22	日曜日	2025-04-12 15:00:00.000000 +00:00	2023-12-15 01:36:03.710055 +00:00	1702604164
726	22	土曜日	2025-04-18 15:00:00.000000 +00:00	2023-12-15 01:36:03.710055 +00:00	1702604164
727	22	日曜日	2025-04-19 15:00:00.000000 +00:00	2023-12-15 01:36:03.710055 +00:00	1702604164
728	22	土曜日	2025-04-25 15:00:00.000000 +00:00	2023-12-15 01:36:03.710055 +00:00	1702604164
729	22	日曜日	2025-04-26 15:00:00.000000 +00:00	2023-12-15 01:36:03.710055 +00:00	1702604164
730	22	土曜日	2025-05-02 15:00:00.000000 +00:00	2023-12-15 01:36:03.710055 +00:00	1702604164
731	22	日曜日	2025-05-03 15:00:00.000000 +00:00	2023-12-15 01:36:03.710055 +00:00	1702604164
732	22	土曜日	2025-05-09 15:00:00.000000 +00:00	2023-12-15 01:36:03.710055 +00:00	1702604164
733	22	日曜日	2025-05-10 15:00:00.000000 +00:00	2023-12-15 01:36:03.710055 +00:00	1702604164
734	22	土曜日	2025-05-16 15:00:00.000000 +00:00	2023-12-15 01:36:03.710055 +00:00	1702604164
735	22	日曜日	2025-05-17 15:00:00.000000 +00:00	2023-12-15 01:36:03.710055 +00:00	1702604164
736	22	土曜日	2025-05-23 15:00:00.000000 +00:00	2023-12-15 01:36:03.710055 +00:00	1702604164
737	22	日曜日	2025-05-24 15:00:00.000000 +00:00	2023-12-15 01:36:03.710055 +00:00	1702604164
738	22	土曜日	2025-05-30 15:00:00.000000 +00:00	2023-12-15 01:36:03.710055 +00:00	1702604164
739	22	日曜日	2025-05-31 15:00:00.000000 +00:00	2023-12-15 01:36:03.710055 +00:00	1702604164
740	22	土曜日	2025-06-06 15:00:00.000000 +00:00	2023-12-15 01:36:03.710055 +00:00	1702604164
741	22	日曜日	2025-06-07 15:00:00.000000 +00:00	2023-12-15 01:36:03.710055 +00:00	1702604164
742	22	土曜日	2025-06-13 15:00:00.000000 +00:00	2023-12-15 01:36:03.710055 +00:00	1702604164
743	22	日曜日	2025-06-14 15:00:00.000000 +00:00	2023-12-15 01:36:03.710055 +00:00	1702604164
744	22	土曜日	2025-06-20 15:00:00.000000 +00:00	2023-12-15 01:36:03.710055 +00:00	1702604164
745	22	日曜日	2025-06-21 15:00:00.000000 +00:00	2023-12-15 01:36:03.710055 +00:00	1702604164
746	22	土曜日	2025-06-27 15:00:00.000000 +00:00	2023-12-15 01:36:03.710055 +00:00	1702604164
747	22	日曜日	2025-06-28 15:00:00.000000 +00:00	2023-12-15 01:36:03.710055 +00:00	1702604164
748	22	土曜日	2025-07-04 15:00:00.000000 +00:00	2023-12-15 01:36:03.710055 +00:00	1702604164
749	22	日曜日	2025-07-05 15:00:00.000000 +00:00	2023-12-15 01:36:03.710055 +00:00	1702604164
750	22	土曜日	2025-07-11 15:00:00.000000 +00:00	2023-12-15 01:36:03.710055 +00:00	1702604164
751	22	日曜日	2025-07-12 15:00:00.000000 +00:00	2023-12-15 01:36:03.710055 +00:00	1702604164
752	22	土曜日	2025-07-18 15:00:00.000000 +00:00	2023-12-15 01:36:03.710055 +00:00	1702604164
753	22	日曜日	2025-07-19 15:00:00.000000 +00:00	2023-12-15 01:36:03.710055 +00:00	1702604164
754	22	土曜日	2025-07-25 15:00:00.000000 +00:00	2023-12-15 01:36:03.710055 +00:00	1702604164
755	22	日曜日	2025-07-26 15:00:00.000000 +00:00	2023-12-15 01:36:03.710055 +00:00	1702604164
756	22	土曜日	2025-08-01 15:00:00.000000 +00:00	2023-12-15 01:36:03.710055 +00:00	1702604164
757	22	日曜日	2025-08-02 15:00:00.000000 +00:00	2023-12-15 01:36:03.710055 +00:00	1702604164
758	22	土曜日	2025-08-08 15:00:00.000000 +00:00	2023-12-15 01:36:03.710055 +00:00	1702604164
759	22	日曜日	2025-08-09 15:00:00.000000 +00:00	2023-12-15 01:36:03.710055 +00:00	1702604164
760	22	土曜日	2025-08-15 15:00:00.000000 +00:00	2023-12-15 01:36:03.710055 +00:00	1702604164
761	22	日曜日	2025-08-16 15:00:00.000000 +00:00	2023-12-15 01:36:03.710055 +00:00	1702604164
762	22	土曜日	2025-08-22 15:00:00.000000 +00:00	2023-12-15 01:36:03.710055 +00:00	1702604164
763	22	日曜日	2025-08-23 15:00:00.000000 +00:00	2023-12-15 01:36:03.710055 +00:00	1702604164
764	22	土曜日	2025-08-29 15:00:00.000000 +00:00	2023-12-15 01:36:03.710055 +00:00	1702604164
765	22	日曜日	2025-08-30 15:00:00.000000 +00:00	2023-12-15 01:36:03.710055 +00:00	1702604164
766	22	土曜日	2025-09-05 15:00:00.000000 +00:00	2023-12-15 01:36:03.710055 +00:00	1702604164
767	22	日曜日	2025-09-06 15:00:00.000000 +00:00	2023-12-15 01:36:03.710055 +00:00	1702604164
768	22	土曜日	2025-09-12 15:00:00.000000 +00:00	2023-12-15 01:36:03.710055 +00:00	1702604164
769	22	日曜日	2025-09-13 15:00:00.000000 +00:00	2023-12-15 01:36:03.710055 +00:00	1702604164
770	22	土曜日	2025-09-19 15:00:00.000000 +00:00	2023-12-15 01:36:03.710055 +00:00	1702604164
771	22	日曜日	2025-09-20 15:00:00.000000 +00:00	2023-12-15 01:36:03.710055 +00:00	1702604164
772	22	土曜日	2025-09-26 15:00:00.000000 +00:00	2023-12-15 01:36:03.710055 +00:00	1702604164
773	22	日曜日	2025-09-27 15:00:00.000000 +00:00	2023-12-15 01:36:03.710055 +00:00	1702604164
774	22	土曜日	2025-10-03 15:00:00.000000 +00:00	2023-12-15 01:36:03.710055 +00:00	1702604164
775	22	日曜日	2025-10-04 15:00:00.000000 +00:00	2023-12-15 01:36:03.710055 +00:00	1702604164
776	22	土曜日	2025-10-10 15:00:00.000000 +00:00	2023-12-15 01:36:03.710055 +00:00	1702604164
777	22	日曜日	2025-10-11 15:00:00.000000 +00:00	2023-12-15 01:36:03.710055 +00:00	1702604164
778	22	土曜日	2025-10-17 15:00:00.000000 +00:00	2023-12-15 01:36:03.710055 +00:00	1702604164
779	22	日曜日	2025-10-18 15:00:00.000000 +00:00	2023-12-15 01:36:03.710055 +00:00	1702604164
780	22	土曜日	2025-10-24 15:00:00.000000 +00:00	2023-12-15 01:36:03.710055 +00:00	1702604164
781	22	日曜日	2025-10-25 15:00:00.000000 +00:00	2023-12-15 01:36:03.710055 +00:00	1702604164
782	22	土曜日	2025-10-31 15:00:00.000000 +00:00	2023-12-15 01:36:03.710055 +00:00	1702604164
783	22	日曜日	2025-11-01 15:00:00.000000 +00:00	2023-12-15 01:36:03.710055 +00:00	1702604164
784	22	土曜日	2025-11-07 15:00:00.000000 +00:00	2023-12-15 01:36:03.710055 +00:00	1702604164
785	22	日曜日	2025-11-08 15:00:00.000000 +00:00	2023-12-15 01:36:03.710055 +00:00	1702604164
786	22	土曜日	2025-11-14 15:00:00.000000 +00:00	2023-12-15 01:36:03.710055 +00:00	1702604164
787	22	日曜日	2025-11-15 15:00:00.000000 +00:00	2023-12-15 01:36:03.710055 +00:00	1702604164
788	22	土曜日	2025-11-21 15:00:00.000000 +00:00	2023-12-15 01:36:03.710055 +00:00	1702604164
789	22	日曜日	2025-11-22 15:00:00.000000 +00:00	2023-12-15 01:36:03.710055 +00:00	1702604164
790	22	土曜日	2025-11-28 15:00:00.000000 +00:00	2023-12-15 01:36:03.710055 +00:00	1702604164
791	22	日曜日	2025-11-29 15:00:00.000000 +00:00	2023-12-15 01:36:03.710055 +00:00	1702604164
792	22	土曜日	2025-12-05 15:00:00.000000 +00:00	2023-12-15 01:36:03.710055 +00:00	1702604164
793	22	日曜日	2025-12-06 15:00:00.000000 +00:00	2023-12-15 01:36:03.710055 +00:00	1702604164
794	22	土曜日	2025-12-12 15:00:00.000000 +00:00	2023-12-15 01:36:03.710055 +00:00	1702604164
795	22	日曜日	2025-12-13 15:00:00.000000 +00:00	2023-12-15 01:36:03.710055 +00:00	1702604164
796	22	土曜日	2025-12-19 15:00:00.000000 +00:00	2023-12-15 01:36:03.710055 +00:00	1702604164
797	22	日曜日	2025-12-20 15:00:00.000000 +00:00	2023-12-15 01:36:03.710055 +00:00	1702604164
798	22	土曜日	2025-12-26 15:00:00.000000 +00:00	2023-12-15 01:36:03.710055 +00:00	1702604164
799	22	日曜日	2025-12-27 15:00:00.000000 +00:00	2023-12-15 01:36:03.710055 +00:00	1702604164
800	22	土曜日	2026-01-02 15:00:00.000000 +00:00	2023-12-15 01:36:03.710055 +00:00	1702604164
801	22	日曜日	2026-01-03 15:00:00.000000 +00:00	2023-12-15 01:36:03.710055 +00:00	1702604164
802	22	土曜日	2026-01-09 15:00:00.000000 +00:00	2023-12-15 01:36:03.710055 +00:00	1702604164
803	22	日曜日	2026-01-10 15:00:00.000000 +00:00	2023-12-15 01:36:03.710055 +00:00	1702604164
804	22	土曜日	2026-01-16 15:00:00.000000 +00:00	2023-12-15 01:36:03.710055 +00:00	1702604164
805	22	日曜日	2026-01-17 15:00:00.000000 +00:00	2023-12-15 01:36:03.710055 +00:00	1702604164
806	22	土曜日	2026-01-23 15:00:00.000000 +00:00	2023-12-15 01:36:03.710055 +00:00	1702604164
807	22	日曜日	2026-01-24 15:00:00.000000 +00:00	2023-12-15 01:36:03.710055 +00:00	1702604164
808	22	土曜日	2026-01-30 15:00:00.000000 +00:00	2023-12-15 01:36:03.710055 +00:00	1702604164
809	23	土曜日	2023-11-24 15:00:00.000000 +00:00	2023-12-18 01:31:54.677988 +00:00	1702863115
810	23	日曜日	2023-11-25 15:00:00.000000 +00:00	2023-12-18 01:31:54.677988 +00:00	1702863115
811	23	土曜日	2023-12-01 15:00:00.000000 +00:00	2023-12-18 01:31:54.677988 +00:00	1702863115
812	23	日曜日	2023-12-02 15:00:00.000000 +00:00	2023-12-18 01:31:54.677988 +00:00	1702863115
813	23	土曜日	2023-12-08 15:00:00.000000 +00:00	2023-12-18 01:31:54.677988 +00:00	1702863115
814	23	日曜日	2023-12-09 15:00:00.000000 +00:00	2023-12-18 01:31:54.677988 +00:00	1702863115
815	23	土曜日	2023-12-15 15:00:00.000000 +00:00	2023-12-18 01:31:54.677988 +00:00	1702863115
816	23	日曜日	2023-12-16 15:00:00.000000 +00:00	2023-12-18 01:31:54.677988 +00:00	1702863115
817	23	土曜日	2023-12-22 15:00:00.000000 +00:00	2023-12-18 01:31:54.677988 +00:00	1702863115
818	23	日曜日	2023-12-23 15:00:00.000000 +00:00	2023-12-18 01:31:54.677988 +00:00	1702863115
819	23	土曜日	2023-12-29 15:00:00.000000 +00:00	2023-12-18 01:31:54.677988 +00:00	1702863115
820	23	日曜日	2023-12-30 15:00:00.000000 +00:00	2023-12-18 01:31:54.677988 +00:00	1702863115
821	23	土曜日	2024-01-05 15:00:00.000000 +00:00	2023-12-18 01:31:54.677988 +00:00	1702863115
822	23	日曜日	2024-01-06 15:00:00.000000 +00:00	2023-12-18 01:31:54.677988 +00:00	1702863115
823	23	土曜日	2024-01-12 15:00:00.000000 +00:00	2023-12-18 01:31:54.677988 +00:00	1702863115
824	23	日曜日	2024-01-13 15:00:00.000000 +00:00	2023-12-18 01:31:54.677988 +00:00	1702863115
825	23	土曜日	2024-01-19 15:00:00.000000 +00:00	2023-12-18 01:31:54.677988 +00:00	1702863115
826	23	日曜日	2024-01-20 15:00:00.000000 +00:00	2023-12-18 01:31:54.677988 +00:00	1702863115
827	23	土曜日	2024-01-26 15:00:00.000000 +00:00	2023-12-18 01:31:54.677988 +00:00	1702863115
828	23	日曜日	2024-01-27 15:00:00.000000 +00:00	2023-12-18 01:31:54.677988 +00:00	1702863115
829	23	土曜日	2024-02-02 15:00:00.000000 +00:00	2023-12-18 01:31:54.677988 +00:00	1702863115
830	23	日曜日	2024-02-03 15:00:00.000000 +00:00	2023-12-18 01:31:54.677988 +00:00	1702863115
831	23	土曜日	2024-02-09 15:00:00.000000 +00:00	2023-12-18 01:31:54.677988 +00:00	1702863115
832	23	日曜日	2024-02-10 15:00:00.000000 +00:00	2023-12-18 01:31:54.677988 +00:00	1702863115
833	23	土曜日	2024-02-16 15:00:00.000000 +00:00	2023-12-18 01:31:54.677988 +00:00	1702863115
834	23	日曜日	2024-02-17 15:00:00.000000 +00:00	2023-12-18 01:31:54.677988 +00:00	1702863115
835	23	土曜日	2024-02-23 15:00:00.000000 +00:00	2023-12-18 01:31:54.677988 +00:00	1702863115
836	23	日曜日	2024-02-24 15:00:00.000000 +00:00	2023-12-18 01:31:54.677988 +00:00	1702863115
