id	gantt_group_id	process_id	department_id	limit_date	estimate	number_of_worker	days_after	start_date	end_date	progress_percent	order	created_at	updated_at	memo
52	13	8	4		120	0		2023-11-16 15:00:00.000000 +00:00	2023-12-07 15:00:00.000000 +00:00	80	2	2023-11-24 04:42:53.726152 +00:00	1703293607	
103	19	16	8		304	1		2023-11-30 15:00:00.000000 +00:00	2024-02-15 15:00:00.000000 +00:00	100	5	2023-11-24 05:24:02.460803 +00:00	1708314083	
81	17	4	2		48	2		2024-02-29 15:00:00.000000 +00:00	2024-03-11 15:00:00.000000 +00:00	100	9	0001-01-01 00:00:00.000000 +00:00	1709941308	
97	11	18			96	5		2024-05-10 15:00:00.000000 +00:00	2024-05-13 15:00:00.000000 +00:00		15	0001-01-01 00:00:00.000000 +00:00	1712901353	
210	34	7	6		40	3		2024-01-21 15:00:00.000000 +00:00	2024-01-25 15:00:00.000000 +00:00	100	2	2023-12-23 02:06:57.981703 +00:00	1709184205	
48	12	8	4		120	0		2023-11-05 15:00:00.000000 +00:00	2023-11-26 15:00:00.000000 +00:00	60	1	2023-11-24 02:59:59.315865 +00:00	1700800683	
115	20	12	5		128	1		2023-12-20 15:00:00.000000 +00:00	2024-01-18 15:00:00.000000 +00:00	100	2	2023-11-24 05:36:37.702562 +00:00	1708418897	
49	12	10	6		8	0		2023-11-21 15:00:00.000000 +00:00	2023-11-21 15:00:00.000000 +00:00		2	2023-11-24 04:37:43.123876 +00:00	1700800694	
66	15	6	6		32	0		2024-01-15 15:00:00.000000 +00:00	2024-01-18 15:00:00.000000 +00:00	100	9	2023-11-24 04:57:06.833153 +00:00	1703293902	
21	4	9	1		16	1		2024-01-24 15:00:00.000000 +00:00	2024-01-25 15:00:00.000000 +00:00	100	8	2023-11-24 02:43:39.754709 +00:00	1706229905	<p>1/26 9時に出荷</p>
79	17	1	1		80	1		2024-02-15 15:00:00.000000 +00:00	2024-02-28 15:00:00.000000 +00:00	100	7	0001-01-01 00:00:00.000000 +00:00	1710123549	<p>納期通り完了できる予定　2.26</p>
89	18	9	1		8	0		2023-11-28 15:00:00.000000 +00:00	2023-11-28 15:00:00.000000 +00:00		2	2023-11-24 05:15:40.091486 +00:00	1700802973	
51	13	7	1		72	1		2023-11-05 15:00:00.000000 +00:00	2023-11-15 15:00:00.000000 +00:00	90	1	2023-11-24 04:41:44.845570 +00:00	1700800981	
67	15	10	1		8	0		2024-01-30 15:00:00.000000 +00:00	2024-01-30 15:00:00.000000 +00:00		10	2023-11-24 04:57:35.944387 +00:00	1700801881	
47	11	2	2		40	2		2024-02-25 15:00:00.000000 +00:00	2024-02-29 15:00:00.000000 +00:00	100	6	0001-01-01 00:00:00.000000 +00:00	1710124836	
37	8	22				4		2024-02-29 15:00:00.000000 +00:00	2024-03-07 15:00:00.000000 +00:00	100	8	0001-01-01 00:00:00.000000 +00:00	1710125092	
686	62	13	4		128	1		2024-04-17 15:00:00.000000 +00:00	2024-05-10 15:00:00.000000 +00:00		2	0001-01-01 00:00:00.000000 +00:00	1712215562	
211	32	3	5		16	1		2024-02-06 15:00:00.000000 +00:00	2024-02-07 15:00:00.000000 +00:00	100	1	2023-12-23 02:07:38.361196 +00:00	1709184232	
95	11	8	4		144	1		2024-03-31 15:00:00.000000 +00:00	2024-04-11 15:00:00.000000 +00:00	90	12	0001-01-01 00:00:00.000000 +00:00	1713521903	
25	6	3	4		16	1		2023-11-08 15:00:00.000000 +00:00	2023-11-09 15:00:00.000000 +00:00	100	1	2023-11-24 02:50:44.103681 +00:00	1702964698	
93	11	5	4		16	1		2024-03-25 15:00:00.000000 +00:00	2024-03-26 15:00:00.000000 +00:00	100	10	0001-01-01 00:00:00.000000 +00:00	1711591609	
22	4	18			40	1		2024-02-06 15:00:00.000000 +00:00	2024-02-07 15:00:00.000000 +00:00	100	9	2023-11-24 02:47:42.758342 +00:00	1707746545	
18	4	7	1		40	1		2023-11-27 15:00:00.000000 +00:00	2023-12-03 15:00:00.000000 +00:00	100	2	2023-11-24 02:42:27.248394 +00:00	1705660269	
73	17	12	5		232	2		2023-12-14 15:00:00.000000 +00:00	2024-01-24 15:00:00.000000 +00:00	100	1	2023-11-24 05:02:34.947175 +00:00	1707747442	
92	11	4	2		40	2		2024-03-18 15:00:00.000000 +00:00	2024-03-24 15:00:00.000000 +00:00	100	9	0001-01-01 00:00:00.000000 +00:00	1712048335	
71	16	18	1			1		2024-02-07 15:00:00.000000 +00:00	2024-02-07 15:00:00.000000 +00:00	100	3	2023-11-24 05:00:51.165861 +00:00	1707746530	
23	5	3	4		16	1		2023-11-08 15:00:00.000000 +00:00	2023-11-09 15:00:00.000000 +00:00	100	1	2023-11-24 02:50:00.803516 +00:00	1702964682	
17	4	5	4		32	1		2023-11-20 15:00:00.000000 +00:00	2023-11-26 15:00:00.000000 +00:00	100	1	2023-11-24 02:42:26.135058 +00:00	1705660269	
94	11	7	1		24	2		2024-03-27 15:00:00.000000 +00:00	2024-04-11 15:00:00.000000 +00:00	100	11	0001-01-01 00:00:00.000000 +00:00	1713750981	
83	17	7	1		40	1		2024-03-14 15:00:00.000000 +00:00	2024-03-20 15:00:00.000000 +00:00	100	11	0001-01-01 00:00:00.000000 +00:00	1710820176	
29	8	21	1		24	3		2023-11-26 15:00:00.000000 +00:00	2023-11-26 15:00:00.000000 +00:00	100	0	2023-11-24 02:52:19.352643 +00:00	1707905712	
62	15	3	4		16	0		2023-12-03 15:00:00.000000 +00:00	2023-12-04 15:00:00.000000 +00:00	100	5	2023-11-24 04:54:24.137136 +00:00	1702962629	
33	9	8	6		528	0		2023-10-24 15:00:00.000000 +00:00	2023-11-26 15:00:00.000000 +00:00	100	1	2023-11-24 02:53:10.925593 +00:00	1702962407	
50	12	9	1		24	0		2023-11-27 15:00:00.000000 +00:00	2023-11-29 15:00:00.000000 +00:00		3	2023-11-24 04:38:20.405855 +00:00	1702860748	
16	4	4	2		32	1		2023-11-14 15:00:00.000000 +00:00	2023-11-19 15:00:00.000000 +00:00	100	0	2023-11-24 02:42:25.282840 +00:00	1705660269	
88	18	1	1		24	0		2023-11-15 15:00:00.000000 +00:00	2023-11-17 15:00:00.000000 +00:00		1	2023-11-24 05:14:18.159902 +00:00	1702862742	
34	9	9	1		24	0		2023-11-27 15:00:00.000000 +00:00	2023-11-29 15:00:00.000000 +00:00	100	2	2023-11-24 02:54:22.737231 +00:00	1702962428	
59	15	23	1		144	2		2023-11-27 15:00:00.000000 +00:00	2023-12-07 15:00:00.000000 +00:00	100	2	2023-11-24 04:51:17.718050 +00:00	1702962590	
58	15	16			72	0		2023-11-13 15:00:00.000000 +00:00	2023-11-26 15:00:00.000000 +00:00	100	1	2023-11-24 04:48:55.081088 +00:00	1702962578	
60	15	1	1		80	0		2023-12-12 15:00:00.000000 +00:00	2023-12-18 15:00:00.000000 +00:00	100	3	2023-11-24 04:52:53.287392 +00:00	1702962602	
61	15	2	2		24	0		2023-12-03 15:00:00.000000 +00:00	2023-12-05 15:00:00.000000 +00:00	100	4	2023-11-24 04:53:23.511193 +00:00	1702962617	
63	15	4	2		152	0		2023-12-03 15:00:00.000000 +00:00	2023-12-27 15:00:00.000000 +00:00	100	6	2023-11-24 04:54:54.337129 +00:00	1702962641	
68	15	9	1		48	0		2024-02-04 15:00:00.000000 +00:00	2024-02-06 15:00:00.000000 +00:00	100	11	2023-11-24 04:58:05.134899 +00:00	1702962683	
64	15	5	4		40	0		2024-01-08 15:00:00.000000 +00:00	2024-01-14 15:00:00.000000 +00:00	100	7	2023-11-24 04:55:28.984322 +00:00	1702962653	
65	15	7	6		160	0		2024-01-21 15:00:00.000000 +00:00	2024-02-01 15:00:00.000000 +00:00		8	2023-11-24 04:56:10.210408 +00:00	1702962718	
45	11	15	8		824	1		2023-09-20 15:00:00.000000 +00:00	2024-02-21 15:00:00.000000 +00:00	100	4	2023-11-24 02:59:22.670026 +00:00	1708750287	
30	8	5	4		32	1		2023-11-27 15:00:00.000000 +00:00	2023-11-30 15:00:00.000000 +00:00	100	1	2023-11-24 02:52:20.097772 +00:00	1707905712	
86	17	9	1			1		2024-04-26 15:00:00.000000 +00:00	2024-04-29 15:00:00.000000 +00:00		17	0001-01-01 00:00:00.000000 +00:00	1712705742	
80	17	3	5		16	1		2024-02-27 15:00:00.000000 +00:00	2024-02-28 15:00:00.000000 +00:00	100	8	2023-11-24 05:06:28.395861 +00:00	1709267113	
70	16	9	1			1		2024-02-06 15:00:00.000000 +00:00	2024-02-06 15:00:00.000000 +00:00	100	2	2023-11-24 05:00:24.437326 +00:00	1707746528	
36	8	9	1			2		2024-02-25 15:00:00.000000 +00:00	2024-02-27 15:00:00.000000 +00:00	100	7	2023-11-24 02:54:34.636136 +00:00	1709597584	<p>未定</p>
35	8	20			400	3	1	2024-01-18 15:00:00.000000 +00:00	2024-02-21 15:00:00.000000 +00:00	100	4	2023-11-24 02:54:33.875076 +00:00	1708314141	
868	70	11	3		120	1		2024-05-19 15:00:00.000000 +00:00	2024-06-06 15:00:00.000000 +00:00		0	0001-01-01 00:00:00.000000 +00:00	1714003495	
75	17	14	8		152	1		2024-01-15 15:00:00.000000 +00:00	2024-02-14 15:00:00.000000 +00:00	100	3	2023-11-24 05:03:38.235785 +00:00	1708310743	
77	17	16	8		304	1		2023-12-20 15:00:00.000000 +00:00	2024-02-14 15:00:00.000000 +00:00	100	5	2023-11-24 05:04:27.114240 +00:00	1708310745	
90	11	1	1		176	2		2024-02-25 15:00:00.000000 +00:00	2024-03-14 15:00:00.000000 +00:00	100	7	0001-01-01 00:00:00.000000 +00:00	1710820274	
72	17	11	3		152	1		2023-11-30 15:00:00.000000 +00:00	2024-01-14 15:00:00.000000 +00:00	100	0	2023-11-24 05:01:48.998286 +00:00	1706057894	
76	17	15	8		152	1		2024-01-15 15:00:00.000000 +00:00	2024-02-14 15:00:00.000000 +00:00	100	4	2023-11-24 05:04:12.830287 +00:00	1708310744	
82	17	5	4		16	1		2024-03-12 15:00:00.000000 +00:00	2024-03-13 15:00:00.000000 +00:00	100	10	0001-01-01 00:00:00.000000 +00:00	1710382097	
41	11	11	3		160	1		2023-07-02 15:00:00.000000 +00:00	2023-07-30 15:00:00.000000 +00:00	100	0	0001-01-01 00:00:00.000000 +00:00	1709634192	
42	11	12	5		344	2		2023-10-15 15:00:00.000000 +00:00	2023-12-14 15:00:00.000000 +00:00	100	1	2023-11-24 02:59:20.367605 +00:00	1708750287	
46	11	16	8		824	1		2023-09-20 15:00:00.000000 +00:00	2024-02-21 15:00:00.000000 +00:00	100	5	2023-11-24 02:59:23.464314 +00:00	1708750288	
336	37	27	5			1		2024-02-07 15:00:00.000000 +00:00	2024-02-08 15:00:00.000000 +00:00	100	4	2024-02-06 00:51:03.713781 +00:00	1708316295	
492	33	27	5		16	1		2024-03-01 15:00:00.000000 +00:00	2024-03-02 15:00:00.000000 +00:00	100	6	2024-02-24 04:57:41.424547 +00:00	1709172707	
20	4	20	1		128	1		2023-12-24 15:00:00.000000 +00:00	2024-01-22 15:00:00.000000 +00:00	100	4	2023-11-24 02:43:38.883298 +00:00	1706229894	
685	62	12	5		64	2		2024-04-07 15:00:00.000000 +00:00	2024-04-16 15:00:00.000000 +00:00	35	1	0001-01-01 00:00:00.000000 +00:00	1713522956	
32	8	8	4		64	1		2023-12-12 15:00:00.000000 +00:00	2023-12-27 15:00:00.000000 +00:00	100	3	2023-11-24 02:52:21.505545 +00:00	1708314132	
96	11	9	1		24	1		2024-05-08 15:00:00.000000 +00:00	2024-05-09 15:00:00.000000 +00:00		14	0001-01-01 00:00:00.000000 +00:00	1710821759	
520	49	11				1		2024-02-29 15:00:00.000000 +00:00	2024-04-29 15:00:00.000000 +00:00	70	0	0001-01-01 00:00:00.000000 +00:00	1713512551	
44	11	14	8		824	1		2023-09-20 15:00:00.000000 +00:00	2024-02-21 15:00:00.000000 +00:00	100	3	2023-11-24 02:59:21.907310 +00:00	1708750287	
312	17	27	4		8	1		2024-04-24 15:00:00.000000 +00:00	2024-04-25 15:00:00.000000 +00:00		15	0001-01-01 00:00:00.000000 +00:00	1714008777	
378	10	10			8	3		2024-04-30 15:00:00.000000 +00:00	2024-04-30 15:00:00.000000 +00:00		4	0001-01-01 00:00:00.000000 +00:00	1713505681	<p>4/5以降　後藤さん作業完了後に検討</p>
91	11	3	4		8	1		2024-03-17 15:00:00.000000 +00:00	2024-03-17 15:00:00.000000 +00:00	100	8	0001-01-01 00:00:00.000000 +00:00	1710381846	
337	8	27	5			1		2024-02-05 15:00:00.000000 +00:00	2024-02-06 15:00:00.000000 +00:00	100	5	2024-02-06 00:52:01.449362 +00:00	1707905713	
112	19	9	1			1		2024-05-15 15:00:00.000000 +00:00	2024-05-15 15:00:00.000000 +00:00		16	0001-01-01 00:00:00.000000 +00:00	1711766017	
106	19	3	5		16	1		2024-02-25 15:00:00.000000 +00:00	2024-02-26 15:00:00.000000 +00:00	100	8	2023-11-24 05:24:12.591257 +00:00	1709267137	<p>完了しているところから進められる　2.26</p>
216	32	10			8	3		2024-03-07 15:00:00.000000 +00:00	2024-03-07 15:00:00.000000 +00:00	100	5	0001-01-01 00:00:00.000000 +00:00	1710123354	
113	19	22			40	2		2024-05-19 15:00:00.000000 +00:00	2024-05-23 15:00:00.000000 +00:00		17	0001-01-01 00:00:00.000000 +00:00	1710821536	
142	22	1	1		40	1	1	2023-12-17 15:00:00.000000 +00:00	2023-12-24 15:00:00.000000 +00:00	100	7	2023-11-24 05:49:56.190823 +00:00	1706230808	
28	7	4	2		24	1		2023-11-20 15:00:00.000000 +00:00	2023-11-23 15:00:00.000000 +00:00	100	2	2023-11-24 02:51:35.901419 +00:00	1702964726	
108	19	5	4		8	2		2024-03-06 15:00:00.000000 +00:00	2024-03-06 15:00:00.000000 +00:00	100	10	0001-01-01 00:00:00.000000 +00:00	1709887614	
144	22	4	2		32	1	1	2023-12-25 15:00:00.000000 +00:00	2023-12-29 15:00:00.000000 +00:00	100	9	2023-11-24 05:50:11.746701 +00:00	1706230810	
126	20	8	4		56	1		2024-06-19 15:00:00.000000 +00:00	2024-06-23 15:00:00.000000 +00:00		13	0001-01-01 00:00:00.000000 +00:00	1713758965	<p>遠隔で出来ないかと話がある。</p>
166	4	10			8	1		2024-01-17 15:00:00.000000 +00:00	2024-01-17 15:00:00.000000 +00:00	100	6	2023-12-13 08:44:05.814585 +00:00	1705660289	
123	20	4	1		16	1		2024-06-12 15:00:00.000000 +00:00	2024-06-16 15:00:00.000000 +00:00	100	10	0001-01-01 00:00:00.000000 +00:00	1712624258	
26	6	4	2		56	1		2023-11-12 15:00:00.000000 +00:00	2023-11-20 15:00:00.000000 +00:00	100	2	2023-11-24 02:50:47.081883 +00:00	1702964707	
27	7	3	4		8	1		2023-11-19 15:00:00.000000 +00:00	2023-11-19 15:00:00.000000 +00:00	100	1	2023-11-24 02:51:34.604730 +00:00	1702964718	
120	20	24	1		48	1		2024-03-03 15:00:00.000000 +00:00	2024-03-07 15:00:00.000000 +00:00	100	7	0001-01-01 00:00:00.000000 +00:00	1710125064	<p>組み立て開始 3/5</p>
102	19	15	8		176	1		2023-12-22 15:00:00.000000 +00:00	2024-02-05 15:00:00.000000 +00:00	100	4	2023-11-24 05:24:01.714374 +00:00	1707747283	
31	8	7	1		80	2		2023-12-03 15:00:00.000000 +00:00	2023-12-14 15:00:00.000000 +00:00	100	2	2023-11-24 02:52:20.723763 +00:00	1707905712	
165	9										3	2023-12-13 08:10:02.531571 +00:00	1702455002	
217	32	9	1		16	3		2024-03-10 15:00:00.000000 +00:00	2024-03-11 15:00:00.000000 +00:00	100	7	0001-01-01 00:00:00.000000 +00:00	1710125123	<p><br></p>
111	19	20	1		40	1		2024-04-07 15:00:00.000000 +00:00	2024-04-11 15:00:00.000000 +00:00	100	14	0001-01-01 00:00:00.000000 +00:00	1713139973	
150	23	15	8		80	1		2023-12-01 15:00:00.000000 +00:00	2023-12-14 15:00:00.000000 +00:00	100	1	2023-11-24 05:53:56.988096 +00:00	1707180575	
136	22	11	3		112	1		2023-11-12 15:00:00.000000 +00:00	2023-11-29 15:00:00.000000 +00:00	100	1	2023-11-24 05:49:51.814554 +00:00	1703293171	
156	23	8	4		48	1		2024-02-08 15:00:00.000000 +00:00	2024-02-15 15:00:00.000000 +00:00	100	7	2023-11-24 05:54:20.223652 +00:00	1708078693	
143	22	2	2		32	1	-3	2023-12-18 15:00:00.000000 +00:00	2023-12-21 15:00:00.000000 +00:00	100	8	2023-11-24 05:49:56.810445 +00:00	1706230805	
141	22	16	8		80	1		2023-12-01 15:00:00.000000 +00:00	2023-12-21 15:00:00.000000 +00:00	100	6	2023-11-24 05:49:55.499033 +00:00	1706230809	
135	21	22			16	1		2024-06-14 15:00:00.000000 +00:00	2024-06-17 15:00:00.000000 +00:00		15	0001-01-01 00:00:00.000000 +00:00	1713751290	
688	62	15	8			1		2024-05-09 15:00:00.000000 +00:00	2024-06-06 15:00:00.000000 +00:00		4	0001-01-01 00:00:00.000000 +00:00	1712022164	
24	5	4	2		56	1		2023-11-12 15:00:00.000000 +00:00	2023-11-20 15:00:00.000000 +00:00	100	2	2023-11-24 02:50:01.843990 +00:00	1702964690	
140	22	15	8		80	1		2023-12-01 15:00:00.000000 +00:00	2023-12-14 15:00:00.000000 +00:00	100	5	2023-11-24 05:49:54.776165 +00:00	1703293206	
137	22	12	5		72	0		2023-11-17 15:00:00.000000 +00:00	2023-11-30 15:00:00.000000 +00:00	100	2	2023-11-24 05:49:52.783362 +00:00	1703293179	
138	22	13	4		120	1		2023-12-03 15:00:00.000000 +00:00	2023-12-21 15:00:00.000000 +00:00	100	3	2023-11-24 05:49:53.378231 +00:00	1703293186	
145	22	7	1		16	1	1	2024-01-08 15:00:00.000000 +00:00	2024-01-09 15:00:00.000000 +00:00	100	10	2023-11-24 05:50:19.207157 +00:00	1706230810	
139	22	14	8		80	1		2023-12-01 15:00:00.000000 +00:00	2023-12-14 15:00:00.000000 +00:00	100	4	2023-11-24 05:49:54.006939 +00:00	1703293195	
121	20	9	1		40	1		2024-03-10 15:00:00.000000 +00:00	2024-03-11 15:00:00.000000 +00:00	100	8	0001-01-01 00:00:00.000000 +00:00	1712624141	
116	20	13	4		128	1		2024-02-29 15:00:00.000000 +00:00	2024-03-14 15:00:00.000000 +00:00	100	3	2023-11-24 05:36:38.376723 +00:00	1709541421	
212	32	4	2		48	2		2024-02-01 15:00:00.000000 +00:00	2024-02-08 15:00:00.000000 +00:00	100	2	2023-12-23 02:07:47.354531 +00:00	1709184242	
153	23	2	2		32	0		2024-01-18 15:00:00.000000 +00:00	2024-01-23 15:00:00.000000 +00:00	100	4	2023-11-24 05:54:02.275338 +00:00	1707871381	
689	62	16	8			1		2024-05-09 15:00:00.000000 +00:00	2024-06-06 15:00:00.000000 +00:00		5	0001-01-01 00:00:00.000000 +00:00	1712022167	
105	19	1	1		56	1		2024-02-18 15:00:00.000000 +00:00	2024-02-26 15:00:00.000000 +00:00	100	7	2023-11-24 05:24:11.928648 +00:00	1709597395	
690	62	24				2		2024-06-09 15:00:00.000000 +00:00	2024-06-13 15:00:00.000000 +00:00		6	0001-01-01 00:00:00.000000 +00:00	1713756582	
101	19	14	8		176	1		2023-12-22 15:00:00.000000 +00:00	2024-02-05 15:00:00.000000 +00:00	100	3	2023-11-24 05:24:01.042293 +00:00	1707747282	
905	21	7	1			1		2024-05-06 15:00:00.000000 +00:00	2024-05-07 15:00:00.000000 +00:00		9	0001-01-01 00:00:00.000000 +00:00	1712625336	
134	21	8	4		136	2		2024-04-29 15:00:00.000000 +00:00	2024-05-19 15:00:00.000000 +00:00		10	0001-01-01 00:00:00.000000 +00:00	1712625337	
693	62	2	2			2		2024-06-09 15:00:00.000000 +00:00	2024-06-13 15:00:00.000000 +00:00		7	0001-01-01 00:00:00.000000 +00:00	1712022181	
157	23	26			8			2024-02-18 15:00:00.000000 +00:00	2024-02-18 15:00:00.000000 +00:00	100	9	2023-11-24 05:54:32.687267 +00:00	1708078701	
133	21	4	2		88	2		2024-04-14 15:00:00.000000 +00:00	2024-04-24 15:00:00.000000 +00:00	100	7	0001-01-01 00:00:00.000000 +00:00	1713507280	
694	62	3	5			1		2024-06-16 15:00:00.000000 +00:00	2024-06-16 15:00:00.000000 +00:00		8	0001-01-01 00:00:00.000000 +00:00	1711522418	
99	19	12	5		152	2		2023-11-17 15:00:00.000000 +00:00	2023-12-14 15:00:00.000000 +00:00	100	1	2023-11-24 05:23:59.563449 +00:00	1706056960	
114	20	11	3		128	1		2023-12-20 15:00:00.000000 +00:00	2024-01-18 15:00:00.000000 +00:00	100	1	2023-11-24 05:36:36.492585 +00:00	1707747334	
213	32	5			40	3		2024-02-12 15:00:00.000000 +00:00	2024-02-18 15:00:00.000000 +00:00	100	3	2023-12-23 02:07:54.349508 +00:00	1709184254	
104	19	2	2		56	2		2024-01-10 15:00:00.000000 +00:00	2024-02-19 15:00:00.000000 +00:00	100	6	2023-11-24 05:24:03.121281 +00:00	1707871455	
122	20	25	1		24	1		2024-06-09 15:00:00.000000 +00:00	2024-06-11 15:00:00.000000 +00:00		9	0001-01-01 00:00:00.000000 +00:00	1712624248	
870	70	13	4		120	1		2024-07-21 15:00:00.000000 +00:00	2024-08-08 15:00:00.000000 +00:00		2	0001-01-01 00:00:00.000000 +00:00	1714003496	
129	21	12	5		104	2		2024-01-14 15:00:00.000000 +00:00	2024-02-26 15:00:00.000000 +00:00	100	1	0001-01-01 00:00:00.000000 +00:00	1712625334	
130	21	13	4		176	1		2024-03-17 15:00:00.000000 +00:00	2024-04-24 15:00:00.000000 +00:00	85	2	0001-01-01 00:00:00.000000 +00:00	1713960245	<p>着手 3.25</p>
167	4	17			8	4		2024-01-18 15:00:00.000000 +00:00	2024-01-19 15:00:00.000000 +00:00	100	7	2023-12-13 08:44:21.114127 +00:00	1706229902	<p>1/26 9時に出荷</p>
687	62	14	8			1		2024-05-09 15:00:00.000000 +00:00	2024-06-06 15:00:00.000000 +00:00	0	3	0001-01-01 00:00:00.000000 +00:00	1713522958	
125	20	7	1		24	1		2024-06-17 15:00:00.000000 +00:00	2024-06-20 15:00:00.000000 +00:00		12	0001-01-01 00:00:00.000000 +00:00	1712624395	
155	23	7	1		16	1		2024-02-08 15:00:00.000000 +00:00	2024-02-12 15:00:00.000000 +00:00	100	6	2023-11-24 05:54:19.523229 +00:00	1708039633	
107	19	4	2		40	2		2024-02-27 15:00:00.000000 +00:00	2024-03-06 15:00:00.000000 +00:00	100	9	0001-01-01 00:00:00.000000 +00:00	1710482860	
117	20	14	8		160	1		2024-01-21 15:00:00.000000 +00:00	2024-02-15 15:00:00.000000 +00:00	100	4	2023-11-24 05:36:39.125116 +00:00	1708314166	
146	22	8	4		48	1	1	2024-01-10 15:00:00.000000 +00:00	2024-01-17 15:00:00.000000 +00:00	100	11	2023-11-24 05:50:19.899064 +00:00	1706230811	
147	22	26			8	1	1	2024-01-18 15:00:00.000000 +00:00	2024-01-18 15:00:00.000000 +00:00	100	12	2023-11-24 05:50:35.415099 +00:00	1706230811	
148	22	9	1		8	1	1	2024-01-21 15:00:00.000000 +00:00	2024-01-21 15:00:00.000000 +00:00	100	13	2023-11-24 05:50:36.169401 +00:00	1706230813	
151	23	16	8		80	1		2023-12-01 15:00:00.000000 +00:00	2023-12-21 15:00:00.000000 +00:00	100	2	2023-11-24 05:54:00.523363 +00:00	1707180575	
152	23	1	1		40	1		2024-01-11 15:00:00.000000 +00:00	2024-01-17 15:00:00.000000 +00:00	100	3	2023-11-24 05:54:01.392386 +00:00	1707180576	
154	23	4	2		32	0		2024-01-24 15:00:00.000000 +00:00	2024-01-29 15:00:00.000000 +00:00	100	5	2023-11-24 05:54:18.747903 +00:00	1707871386	
127	20	20	1		16	1		2024-06-21 15:00:00.000000 +00:00	2024-06-27 15:00:00.000000 +00:00		14	0001-01-01 00:00:00.000000 +00:00	1712624401	
124	20	5	4		8	1		2024-06-16 15:00:00.000000 +00:00	2024-06-16 15:00:00.000000 +00:00		11	0001-01-01 00:00:00.000000 +00:00	1712624385	
132	21	1	1		104	1		2024-03-27 15:00:00.000000 +00:00	2024-04-09 15:00:00.000000 +00:00	98	4	0001-01-01 00:00:00.000000 +00:00	1712739557	
149	23	14	8		80	1		2023-12-01 15:00:00.000000 +00:00	2023-12-14 15:00:00.000000 +00:00	100	0	2023-11-24 05:53:54.747293 +00:00	1707180575	
158	23	9	1		8	1		2024-02-19 15:00:00.000000 +00:00	2024-02-19 15:00:00.000000 +00:00		10	2023-11-24 05:54:33.487306 +00:00	1708039796	
118	20	15	8		160	1		2024-01-21 15:00:00.000000 +00:00	2024-02-15 15:00:00.000000 +00:00	100	5	2023-11-24 05:36:40.242749 +00:00	1708314167	
119	20	16	8		160	1		2024-02-08 15:00:00.000000 +00:00	2024-02-29 15:00:00.000000 +00:00	100	6	2023-11-24 05:36:41.139457 +00:00	1708314169	
197	31	16	8		160	1		2024-02-18 15:00:00.000000 +00:00	2024-03-14 15:00:00.000000 +00:00	100	5	0001-01-01 00:00:00.000000 +00:00	1710113408	
496	48	14	8		328	1		2024-03-03 15:00:00.000000 +00:00	2024-04-28 15:00:00.000000 +00:00	50	3	0001-01-01 00:00:00.000000 +00:00	1711927197	
98	19	11	3		488	1		2023-08-31 15:00:00.000000 +00:00	2023-11-29 15:00:00.000000 +00:00	100	0	2023-11-24 05:23:58.730979 +00:00	1706769680	
231	36	3			16	2		2024-04-14 15:00:00.000000 +00:00	2024-04-15 15:00:00.000000 +00:00		5	0001-01-01 00:00:00.000000 +00:00	1713354284	
198	31	2	2		32	2		2024-03-18 15:00:00.000000 +00:00	2024-03-26 15:00:00.000000 +00:00	100	7	0001-01-01 00:00:00.000000 +00:00	1711937487	
222	33	4	2		64	2		2024-02-14 15:00:00.000000 +00:00	2024-02-25 15:00:00.000000 +00:00	100	2	0001-01-01 00:00:00.000000 +00:00	1710124886	<p>一部部品が入っていないものあり。</p>
327	41	20				1		2024-03-31 15:00:00.000000 +00:00	2024-04-25 15:00:00.000000 +00:00	85	15	0001-01-01 00:00:00.000000 +00:00	1713750378	
196	31	15	6		160	1		2024-02-18 15:00:00.000000 +00:00	2024-03-14 15:00:00.000000 +00:00	100	4	0001-01-01 00:00:00.000000 +00:00	1711339540	
332	41	22				2		2024-04-30 15:00:00.000000 +00:00	2024-05-07 15:00:00.000000 +00:00		19	0001-01-01 00:00:00.000000 +00:00	1713152407	
495	48	13	4		352	1		2024-03-31 15:00:00.000000 +00:00	2024-05-30 15:00:00.000000 +00:00		2	0001-01-01 00:00:00.000000 +00:00	1711669051	
314	41	12	5			2		2023-12-14 15:00:00.000000 +00:00	2024-01-24 15:00:00.000000 +00:00	100	2	2024-01-24 00:56:40.423018 +00:00	1707747451	
555	52	13	4		100	1	1	2024-04-29 15:00:00.000000 +00:00	2024-05-16 15:00:00.000000 +00:00		3	0001-01-01 00:00:00.000000 +00:00	1711783423	
78	17	2	2		32	2		2024-02-18 15:00:00.000000 +00:00	2024-02-21 15:00:00.000000 +00:00	100	6	2023-11-24 05:04:51.499859 +00:00	1709184091	
239	31	10				3		2024-04-09 15:00:00.000000 +00:00	2024-04-09 15:00:00.000000 +00:00	100	14	0001-01-01 00:00:00.000000 +00:00	1713151813	
229	36	2	2		32	2		2024-03-31 15:00:00.000000 +00:00	2024-04-04 15:00:00.000000 +00:00	100	4	0001-01-01 00:00:00.000000 +00:00	1713745005	
220	33	1	1		72	4		2024-02-04 15:00:00.000000 +00:00	2024-02-15 15:00:00.000000 +00:00	100	0	0001-01-01 00:00:00.000000 +00:00	1709864567	
254	37	5	2			1		2024-02-07 15:00:00.000000 +00:00	2024-02-08 15:00:00.000000 +00:00	100	3	2024-01-23 00:28:28.088273 +00:00	1707871414	
232	36	4	2		40	2		2024-04-16 15:00:00.000000 +00:00	2024-04-23 15:00:00.000000 +00:00	90	6	0001-01-01 00:00:00.000000 +00:00	1713745016	
184	28	8	3			0		2024-01-11 15:00:00.000000 +00:00	2024-01-30 15:00:00.000000 +00:00		2	2023-12-18 03:28:43.810490 +00:00	1702873797	
237	36	10				3		2024-05-06 15:00:00.000000 +00:00	2024-05-06 15:00:00.000000 +00:00		11	0001-01-01 00:00:00.000000 +00:00	1712623389	
219	35	7	6		40	1		2024-01-21 15:00:00.000000 +00:00	2024-01-25 15:00:00.000000 +00:00	100	2	2023-12-23 02:10:21.697342 +00:00	1709184120	
242	19	27	5		8	1		2024-04-14 15:00:00.000000 +00:00	2024-04-14 15:00:00.000000 +00:00		15	2024-01-19 11:07:11.878612 +00:00	1708750392	
240	31	27	5		16	1		2024-04-08 15:00:00.000000 +00:00	2024-04-09 15:00:00.000000 +00:00		15	0001-01-01 00:00:00.000000 +00:00	1710721135	
874	70	1	1		40	1	1	2024-07-07 15:00:00.000000 +00:00	2024-07-11 15:00:00.000000 +00:00		4	0001-01-01 00:00:00.000000 +00:00	1714003498	
241	4	27				1		2024-01-21 15:00:00.000000 +00:00	2024-01-22 15:00:00.000000 +00:00	100	5	2024-01-19 10:25:01.985711 +00:00	1706229901	
223	33	5	4		48	2		2024-02-21 15:00:00.000000 +00:00	2024-02-28 15:00:00.000000 +00:00	100	3	2023-12-23 02:10:44.296429 +00:00	1709184158	
488	21	2	2		40	2		2024-03-24 15:00:00.000000 +00:00	2024-03-28 15:00:00.000000 +00:00	100	5	0001-01-01 00:00:00.000000 +00:00	1713398384	
183	28	11	3		8	0		2024-01-08 15:00:00.000000 +00:00	2024-01-10 15:00:00.000000 +00:00		1	2023-12-18 03:28:42.907176 +00:00	1702874743	
323	41	5	4			1		2024-03-27 15:00:00.000000 +00:00	2024-03-28 15:00:00.000000 +00:00	100	11	0001-01-01 00:00:00.000000 +00:00	1710382103	
193	31	12	5		88	2		2024-01-31 15:00:00.000000 +00:00	2024-02-15 15:00:00.000000 +00:00	100	1	2023-12-22 00:20:08.681303 +00:00	1709184572	<p>テスト</p>
233	36	5	4		40	2		2024-04-24 15:00:00.000000 +00:00	2024-04-26 15:00:00.000000 +00:00		7	0001-01-01 00:00:00.000000 +00:00	1710311492	
227	33	9	1			1		2024-05-08 15:00:00.000000 +00:00	2024-05-08 15:00:00.000000 +00:00		7	0001-01-01 00:00:00.000000 +00:00	1712624018	
181	27	11	3		16	1		2023-11-22 15:00:00.000000 +00:00	2023-11-27 15:00:00.000000 +00:00	100	1	2023-12-18 03:17:44.546958 +00:00	1702875038	
200	31	3	5		16	2		2024-03-27 15:00:00.000000 +00:00	2024-03-28 15:00:00.000000 +00:00	100	8	0001-01-01 00:00:00.000000 +00:00	1711685585	
695	62	4	2			1		2024-06-17 15:00:00.000000 +00:00	2024-06-20 15:00:00.000000 +00:00		9	0001-01-01 00:00:00.000000 +00:00	1710239165	
322	41	4	2			2		2024-03-14 15:00:00.000000 +00:00	2024-03-26 15:00:00.000000 +00:00	100	10	0001-01-01 00:00:00.000000 +00:00	1710147823	
238	36	9	1			1		2024-05-16 15:00:00.000000 +00:00	2024-05-16 15:00:00.000000 +00:00		13	0001-01-01 00:00:00.000000 +00:00	1710303563	
325	41	8	4			1		2024-03-17 15:00:00.000000 +00:00	2024-04-11 15:00:00.000000 +00:00	95	13	0001-01-01 00:00:00.000000 +00:00	1712732776	<p>印字不具合あり。</p>
199	31	1	1		400	3		2024-03-12 15:00:00.000000 +00:00	2024-03-26 15:00:00.000000 +00:00	100	6	0001-01-01 00:00:00.000000 +00:00	1713151797	<p>青柳4/9記入</p><p><br></p><p>・部材待ちの状況</p><p><br></p>
182	27	16	8			0		2023-11-28 15:00:00.000000 +00:00	2023-12-19 15:00:00.000000 +00:00	100	2	2023-12-18 03:18:05.445297 +00:00	1703124192	
194	31	13	4		408	1		2024-01-28 15:00:00.000000 +00:00	2024-04-08 15:00:00.000000 +00:00	100	2	0001-01-01 00:00:00.000000 +00:00	1712635566	<p>不明点解消済み</p>
324	41	7	1			1		2024-03-29 15:00:00.000000 +00:00	2024-04-02 15:00:00.000000 +00:00	100	12	0001-01-01 00:00:00.000000 +00:00	1710820163	
249	37	16	8			1		2024-01-21 15:00:00.000000 +00:00	2024-02-01 15:00:00.000000 +00:00	100	1	2024-01-23 00:28:28.074744 +00:00	1708314206	
185	27	14	8			0		2023-11-28 15:00:00.000000 +00:00	2023-12-21 15:00:00.000000 +00:00	100	3	2023-12-18 04:26:59.139320 +00:00	1703235386	
697	62	20	1			1		2024-07-07 15:00:00.000000 +00:00	2024-07-11 15:00:00.000000 +00:00		11	0001-01-01 00:00:00.000000 +00:00	1710239167	
186	27	1	3		8	1		2023-12-21 15:00:00.000000 +00:00	2023-12-24 15:00:00.000000 +00:00	100	4	2023-12-18 04:28:05.781878 +00:00	1703471926	
187	27	6	3		30	1		2023-12-24 15:00:00.000000 +00:00	2023-12-27 15:00:00.000000 +00:00	80	5	2023-12-18 04:28:27.652793 +00:00	1703471928	
331	41	9				1		2024-04-26 15:00:00.000000 +00:00	2024-04-29 15:00:00.000000 +00:00		18	0001-01-01 00:00:00.000000 +00:00	1713152351	
544	51	15			160	1		2024-05-05 15:00:00.000000 +00:00	2024-06-06 15:00:00.000000 +00:00		5	0001-01-01 00:00:00.000000 +00:00	1710471449	
228	36	1	1		400	2		2024-03-31 15:00:00.000000 +00:00	2024-04-11 15:00:00.000000 +00:00	90	3	0001-01-01 00:00:00.000000 +00:00	1713514227	<p>青柳4/9記入</p><p><br></p><p>・ユニット毎に配線を行っているため、ユニット取付後の配管を残し終わる予定。</p><p><br></p>
756	65	11	3		200	1		2024-04-14 15:00:00.000000 +00:00	2024-05-16 15:00:00.000000 +00:00		0	0001-01-01 00:00:00.000000 +00:00	1712191314	
328	41	27	4		8	1		2024-04-24 15:00:00.000000 +00:00	2024-04-25 15:00:00.000000 +00:00		16	0001-01-01 00:00:00.000000 +00:00	1714008784	
319	41	2	2			2		2024-02-25 15:00:00.000000 +00:00	2024-02-28 15:00:00.000000 +00:00	100	7	2024-01-24 00:57:05.891750 +00:00	1707974216	
320	41	1	1			1		2024-02-29 15:00:00.000000 +00:00	2024-03-13 15:00:00.000000 +00:00	100	8	0001-01-01 00:00:00.000000 +00:00	1710820154	
317	41	15	8			1		2024-01-15 15:00:00.000000 +00:00	2024-01-14 15:00:00.000000 +00:00	100	5	2024-01-24 00:56:48.735633 +00:00	1708314059	
329	41	26				1		2024-04-25 15:00:00.000000 +00:00	2024-04-25 15:00:00.000000 +00:00		17	0001-01-01 00:00:00.000000 +00:00	1711427489	
334	23	27	5			1		2024-02-15 15:00:00.000000 +00:00	2024-02-18 15:00:00.000000 +00:00	100	8	2024-02-06 00:47:57.591709 +00:00	1708053550	
696	62	8	4		104	1		2024-06-23 15:00:00.000000 +00:00	2024-07-04 15:00:00.000000 +00:00		10	0001-01-01 00:00:00.000000 +00:00	1711091178	
330	17	26	1			1		2024-04-25 15:00:00.000000 +00:00	2024-04-25 15:00:00.000000 +00:00		16	0001-01-01 00:00:00.000000 +00:00	1711427476	
757	65	12	5		160	1		2024-04-21 15:00:00.000000 +00:00	2024-05-16 15:00:00.000000 +00:00		1	0001-01-01 00:00:00.000000 +00:00	1712191317	
316	41	14	8			1		2024-01-15 15:00:00.000000 +00:00	2024-02-14 15:00:00.000000 +00:00	100	4	2024-01-24 00:56:47.057977 +00:00	1708314058	
221	33	3	5		40	1		2024-02-04 15:00:00.000000 +00:00	2024-02-07 15:00:00.000000 +00:00	100	1	2023-12-23 02:10:36.173599 +00:00	1709184137	
250	37	2	2			2		2024-02-04 15:00:00.000000 +00:00	2024-02-07 15:00:00.000000 +00:00	100	2	2024-01-23 00:28:28.077423 +00:00	1707871413	
318	41	16	8			1		2024-01-15 15:00:00.000000 +00:00	2024-02-14 15:00:00.000000 +00:00	100	6	2024-01-24 00:56:51.702427 +00:00	1708314060	
192	31	11	3		200	3		2023-12-31 15:00:00.000000 +00:00	2024-02-15 15:00:00.000000 +00:00	100	0	2023-12-22 00:20:08.678852 +00:00	1709111886	
248	37	15	6			1		2024-01-21 15:00:00.000000 +00:00	2024-02-01 15:00:00.000000 +00:00	100	0	2024-01-23 00:28:28.072927 +00:00	1708314205	
326	41	10				1		2024-04-21 15:00:00.000000 +00:00	2024-04-21 15:00:00.000000 +00:00		14	0001-01-01 00:00:00.000000 +00:00	1711356162	
758	65	13	4		160	1		2024-04-28 15:00:00.000000 +00:00	2024-06-06 15:00:00.000000 +00:00		2	0001-01-01 00:00:00.000000 +00:00	1711409659	
321	41	3	5		8	1		2024-03-12 15:00:00.000000 +00:00	2024-03-13 15:00:00.000000 +00:00	100	9	2024-01-24 00:57:11.311835 +00:00	1709267101	
759	65	14	8		160	1		2024-04-28 15:00:00.000000 +00:00	2024-05-23 15:00:00.000000 +00:00		3	0001-01-01 00:00:00.000000 +00:00	1711355152	
201	31	4	2			2		2024-03-29 15:00:00.000000 +00:00	2024-04-02 15:00:00.000000 +00:00	100	9	0001-01-01 00:00:00.000000 +00:00	1712549487	
760	65	15	8		160	1		2024-04-28 15:00:00.000000 +00:00	2024-05-23 15:00:00.000000 +00:00		4	0001-01-01 00:00:00.000000 +00:00	1711355154	
490	45	27	5		8	1		2024-10-27 15:00:00.000000 +00:00	2024-10-28 15:00:00.000000 +00:00		15	0001-01-01 00:00:00.000000 +00:00	1711778546	
493	48	11	3		344	1		2024-02-29 15:00:00.000000 +00:00	2024-04-29 15:00:00.000000 +00:00	100	0	0001-01-01 00:00:00.000000 +00:00	1711755445	
498	48	16	8		328	1		2024-03-03 15:00:00.000000 +00:00	2024-04-28 15:00:00.000000 +00:00	50	5	0001-01-01 00:00:00.000000 +00:00	1711927198	
278	39	7	1		56	1		2024-05-20 15:00:00.000000 +00:00	2024-05-23 15:00:00.000000 +00:00	5	8	0001-01-01 00:00:00.000000 +00:00	1713232403	
401	44	9	1		16	1		2024-03-18 15:00:00.000000 +00:00	2024-03-19 15:00:00.000000 +00:00	100	6	0001-01-01 00:00:00.000000 +00:00	1711338744	
284	40	12	5		8	1		2023-12-24 15:00:00.000000 +00:00	2023-12-24 15:00:00.000000 +00:00	100	1	0001-01-01 00:00:00.000000 +00:00	1710125181	
19	4	8	4		112	1		2023-12-04 15:00:00.000000 +00:00	2023-12-21 15:00:00.000000 +00:00	100	3	2023-11-24 02:43:37.563966 +00:00	1705660269	
285	40	13	4		8	1		2023-12-24 15:00:00.000000 +00:00	2023-12-24 15:00:00.000000 +00:00	100	2	0001-01-01 00:00:00.000000 +00:00	1710125181	
335	37	26				0		2024-02-08 15:00:00.000000 +00:00	2024-02-08 15:00:00.000000 +00:00	100	5	2024-02-06 00:50:05.247571 +00:00	1708752343	
257	37	9	2			1		2024-02-12 15:00:00.000000 +00:00	2024-02-12 15:00:00.000000 +00:00	100	6	2024-01-23 00:28:28.095860 +00:00	1708752344	
209	34	1	1		80	1		2024-01-08 15:00:00.000000 +00:00	2024-01-12 15:00:00.000000 +00:00	100	1	2023-12-23 02:05:07.526834 +00:00	1707746088	
279	39	8	4			1		2024-05-16 15:00:00.000000 +00:00	2024-05-26 15:00:00.000000 +00:00		9	0001-01-01 00:00:00.000000 +00:00	1712623601	
501	48	3	5		8	1		2024-05-09 15:00:00.000000 +00:00	2024-05-09 15:00:00.000000 +00:00		8	0001-01-01 00:00:00.000000 +00:00	1711684749	
281	39	10				3		2024-05-30 15:00:00.000000 +00:00	2024-05-30 15:00:00.000000 +00:00		11	0001-01-01 00:00:00.000000 +00:00	1712623705	
311	21	5	4		8	1		2024-04-25 15:00:00.000000 +00:00	2024-04-26 15:00:00.000000 +00:00		8	0001-01-01 00:00:00.000000 +00:00	1712625336	
277	39	5	4		32	2		2024-05-13 15:00:00.000000 +00:00	2024-05-15 15:00:00.000000 +00:00		7	0001-01-01 00:00:00.000000 +00:00	1712623586	
313	41	11	3			1		2023-10-15 15:00:00.000000 +00:00	2024-01-14 15:00:00.000000 +00:00	100	1	2024-01-24 00:56:24.607986 +00:00	1706057966	
274	39	2	2		40	2		2024-04-14 15:00:00.000000 +00:00	2024-04-18 15:00:00.000000 +00:00	95	4	0001-01-01 00:00:00.000000 +00:00	1713917120	
243	19	10				3		2024-04-11 15:00:00.000000 +00:00	2024-04-11 15:00:00.000000 +00:00	100	13	0001-01-01 00:00:00.000000 +00:00	1713139978	
40	10	9	1	2024-01-30 15:00:00.000000 +00:00	16	2		2024-05-08 15:00:00.000000 +00:00	2024-05-08 15:00:00.000000 +00:00		6	0001-01-01 00:00:00.000000 +00:00	1712623953	
698	62	17	1			1		2024-07-14 15:00:00.000000 +00:00	2024-07-14 15:00:00.000000 +00:00		12	0001-01-01 00:00:00.000000 +00:00	1710239208	
543	51	14			160	1		2024-05-05 15:00:00.000000 +00:00	2024-06-06 15:00:00.000000 +00:00		4	0001-01-01 00:00:00.000000 +00:00	1710471449	
379	10	27	5		16	1		2024-03-19 15:00:00.000000 +00:00	2024-03-20 15:00:00.000000 +00:00	95	5	0001-01-01 00:00:00.000000 +00:00	1712623909	
206	31	9	1			1		2024-04-10 15:00:00.000000 +00:00	2024-04-11 15:00:00.000000 +00:00	100	16	0001-01-01 00:00:00.000000 +00:00	1713151820	<p>4/12(木) 10:00～横山商事</p>
280	39	20				1		2024-05-27 15:00:00.000000 +00:00	2024-06-10 15:00:00.000000 +00:00		10	0001-01-01 00:00:00.000000 +00:00	1712623616	
273	39	1	1		400	3		2024-04-14 15:00:00.000000 +00:00	2024-04-26 15:00:00.000000 +00:00	30	3	0001-01-01 00:00:00.000000 +00:00	1713750306	
300	40	18			24	3		2024-02-29 15:00:00.000000 +00:00	2024-03-04 15:00:00.000000 +00:00	100	17	0001-01-01 00:00:00.000000 +00:00	1710125113	
282	39	9	1			1		2024-06-13 15:00:00.000000 +00:00	2024-06-13 15:00:00.000000 +00:00		13	0001-01-01 00:00:00.000000 +00:00	1712623730	
128	21	11	3		240	1		2023-10-29 15:00:00.000000 +00:00	2024-02-26 15:00:00.000000 +00:00	100	0	0001-01-01 00:00:00.000000 +00:00	1712625333	
494	48	12	5		176	1		2024-03-24 15:00:00.000000 +00:00	2024-04-29 15:00:00.000000 +00:00	100	1	0001-01-01 00:00:00.000000 +00:00	1712926316	
275	39	3			16	3		2024-04-29 15:00:00.000000 +00:00	2024-04-30 15:00:00.000000 +00:00		5	0001-01-01 00:00:00.000000 +00:00	1713354326	
202	31	5	4			2		2024-04-03 15:00:00.000000 +00:00	2024-04-09 15:00:00.000000 +00:00	80	10	0001-01-01 00:00:00.000000 +00:00	1712635553	
391	44	14	8		128	1		2024-02-06 15:00:00.000000 +00:00	2024-02-28 15:00:00.000000 +00:00	100	1	2024-02-12 14:30:36.744336 +00:00	1709183911	
383	36	27	5		16	1		2024-05-14 15:00:00.000000 +00:00	2024-05-15 15:00:00.000000 +00:00		12	0001-01-01 00:00:00.000000 +00:00	1712623396	
387	39	27	5		16	1		2024-06-11 15:00:00.000000 +00:00	2024-06-12 15:00:00.000000 +00:00		12	0001-01-01 00:00:00.000000 +00:00	1712623735	
69	16	17	1		8	0		2024-01-11 15:00:00.000000 +00:00	2024-01-11 15:00:00.000000 +00:00	100	1	2023-11-24 04:59:45.641350 +00:00	1705659549	
290	40	1	1		24	1		2024-02-25 15:00:00.000000 +00:00	2024-02-27 15:00:00.000000 +00:00	100	7	0001-01-01 00:00:00.000000 +00:00	1710125136	
489	21	27	5		8	1		2024-06-10 15:00:00.000000 +00:00	2024-06-11 15:00:00.000000 +00:00		13	0001-01-01 00:00:00.000000 +00:00	1712625348	
310	21	3	5		8	1		2024-04-10 15:00:00.000000 +00:00	2024-04-11 15:00:00.000000 +00:00	100	6	0001-01-01 00:00:00.000000 +00:00	1712823950	
499	48	2			32	0		2024-04-28 15:00:00.000000 +00:00	2024-05-06 15:00:00.000000 +00:00		6	0001-01-01 00:00:00.000000 +00:00	1710841156	
392	44	15	8		128	1		2024-02-06 15:00:00.000000 +00:00	2024-02-28 15:00:00.000000 +00:00	100	2	2024-02-12 14:30:36.746155 +00:00	1709183912	
384	39	14	6		184	1		2024-02-18 15:00:00.000000 +00:00	2024-03-28 15:00:00.000000 +00:00	85	0	0001-01-01 00:00:00.000000 +00:00	1713157685	
286	40	14	8		128	1		2023-12-24 15:00:00.000000 +00:00	2024-01-23 15:00:00.000000 +00:00	100	3	2024-01-24 00:31:35.640601 +00:00	1709183959	
288	40	16	8		128	1		2023-12-24 15:00:00.000000 +00:00	2024-01-23 15:00:00.000000 +00:00	100	5	2024-01-24 00:31:35.645200 +00:00	1709183962	
230	17	10				3		2024-04-21 15:00:00.000000 +00:00	2024-04-21 15:00:00.000000 +00:00		13	0001-01-01 00:00:00.000000 +00:00	1711340724	
773	65	9	1			1		2024-07-25 15:00:00.000000 +00:00	2024-07-25 15:00:00.000000 +00:00		17	0001-01-01 00:00:00.000000 +00:00	1712191342	
385	39	15	6		184	1		2024-02-18 15:00:00.000000 +00:00	2024-03-28 15:00:00.000000 +00:00	85	1	0001-01-01 00:00:00.000000 +00:00	1713157686	
109	19	7	1		48	1		2024-03-07 15:00:00.000000 +00:00	2024-03-14 15:00:00.000000 +00:00	100	11	0001-01-01 00:00:00.000000 +00:00	1712629794	<p>QRコードが読めない箇所があり、メーカに問い合わせ中</p><p><br></p><p>お客様に共有して確認予定</p>
386	39	16	8		224	1		2024-02-18 15:00:00.000000 +00:00	2024-03-28 15:00:00.000000 +00:00	95	2	0001-01-01 00:00:00.000000 +00:00	1713157689	
382	36	15	6		160	1		2024-02-18 15:00:00.000000 +00:00	2024-03-28 15:00:00.000000 +00:00	90	0	0001-01-01 00:00:00.000000 +00:00	1713157675	
772	65	19	1		16	1		2024-07-25 15:00:00.000000 +00:00	2024-07-25 15:00:00.000000 +00:00		16	0001-01-01 00:00:00.000000 +00:00	1712191347	
276	39	4	2		40	2		2024-05-01 15:00:00.000000 +00:00	2024-05-12 15:00:00.000000 +00:00	30	6	0001-01-01 00:00:00.000000 +00:00	1713917126	
395	44	1	1		16	1		2024-03-03 15:00:00.000000 +00:00	2024-03-04 15:00:00.000000 +00:00	100	4	0001-01-01 00:00:00.000000 +00:00	1709706145	
218	35	1	1		40	1		2024-01-14 15:00:00.000000 +00:00	2024-01-18 15:00:00.000000 +00:00	100	1	2023-12-23 02:10:11.111080 +00:00	1709184111	
769	65	10				1		2024-07-20 15:00:00.000000 +00:00	2024-07-21 15:00:00.000000 +00:00		13	0001-01-01 00:00:00.000000 +00:00	1711361364	
774	65	18			40	1		2024-07-28 15:00:00.000000 +00:00	2024-08-01 15:00:00.000000 +00:00		18	0001-01-01 00:00:00.000000 +00:00	1711361400	
768	65	8	4		160	1		2024-07-08 15:00:00.000000 +00:00	2024-07-19 15:00:00.000000 +00:00		12	0001-01-01 00:00:00.000000 +00:00	1711409711	
380	36	16	8		160	1		2024-02-23 15:00:00.000000 +00:00	2024-03-28 15:00:00.000000 +00:00	85	2	0001-01-01 00:00:00.000000 +00:00	1712568879	
767	65	7	1		48	1		2024-07-02 15:00:00.000000 +00:00	2024-07-18 15:00:00.000000 +00:00		11	0001-01-01 00:00:00.000000 +00:00	1711409698	
763	65	1	1		56	1		2024-05-26 15:00:00.000000 +00:00	2024-06-06 15:00:00.000000 +00:00		6	0001-01-01 00:00:00.000000 +00:00	1711361279	
762	65	2	2		48	1		2024-06-09 15:00:00.000000 +00:00	2024-06-16 15:00:00.000000 +00:00		7	0001-01-01 00:00:00.000000 +00:00	1711361322	
502	48	4				1		2024-05-12 15:00:00.000000 +00:00	2024-05-20 15:00:00.000000 +00:00		9	2024-02-25 23:25:42.335335 +00:00	1708903908	
393	44	16	8		128	1		2024-02-06 15:00:00.000000 +00:00	2024-02-28 15:00:00.000000 +00:00	100	3	2024-02-12 14:30:36.747732 +00:00	1709183914	
765	65	4	2		40	1		2024-06-19 15:00:00.000000 +00:00	2024-06-30 15:00:00.000000 +00:00		9	0001-01-01 00:00:00.000000 +00:00	1711361359	
503	48	5				1		2024-05-21 15:00:00.000000 +00:00	2024-05-22 15:00:00.000000 +00:00		10	2024-02-25 23:25:42.336903 +00:00	1708903910	
766	65	5	4		8	1		2024-07-01 15:00:00.000000 +00:00	2024-07-01 15:00:00.000000 +00:00		10	0001-01-01 00:00:00.000000 +00:00	1711361355	
764	65	3	5		16	1		2024-06-17 15:00:00.000000 +00:00	2024-06-18 15:00:00.000000 +00:00		8	0001-01-01 00:00:00.000000 +00:00	1711361325	
878	70	5	4		8	1	1	2024-07-23 15:00:00.000000 +00:00	2024-07-23 15:00:00.000000 +00:00		8	0001-01-01 00:00:00.000000 +00:00	1714003502	
381	36	14	6		160	1		2024-02-24 15:00:00.000000 +00:00	2024-03-28 15:00:00.000000 +00:00	90	1	0001-01-01 00:00:00.000000 +00:00	1713157672	
283	40	11	3		8	1		2023-12-24 15:00:00.000000 +00:00	2023-12-24 15:00:00.000000 +00:00	100	0	2024-01-24 00:31:35.634469 +00:00	1709183925	
771	65	27	5		8	1		2024-07-25 15:00:00.000000 +00:00	2024-07-25 15:00:00.000000 +00:00		15	0001-01-01 00:00:00.000000 +00:00	1711361369	
500	48	1			56	2		2024-04-28 15:00:00.000000 +00:00	2024-05-09 15:00:00.000000 +00:00		7	0001-01-01 00:00:00.000000 +00:00	1712902380	
388	44	11	3		168	1		2024-01-08 15:00:00.000000 +00:00	2024-02-04 15:00:00.000000 +00:00	100	0	0001-01-01 00:00:00.000000 +00:00	1710234832	
436	45	20	1		80	1		2024-10-06 15:00:00.000000 +00:00	2024-10-24 15:00:00.000000 +00:00		14	0001-01-01 00:00:00.000000 +00:00	1711778540	
208	32	1	1		96	4		2024-01-28 15:00:00.000000 +00:00	2024-02-13 15:00:00.000000 +00:00	100	0	0001-01-01 00:00:00.000000 +00:00	1709724019	<p>中型や改造部品の組立を残すのみ 2.19　⇨　返却日確認中 2.26　⇨　</p>
100	19	13	4		112	2		2024-01-28 15:00:00.000000 +00:00	2024-02-29 15:00:00.000000 +00:00	100	2	0001-01-01 00:00:00.000000 +00:00	1709776721	<p>仕様一部問い合わせで止まっていたが、回答が来ている 3.5</p>
443	8	10				3		2024-02-14 15:00:00.000000 +00:00	2024-02-14 15:00:00.000000 +00:00	100	6	2024-02-14 10:14:21.180519 +00:00	1708315977	
446	21	10				3		2024-05-26 15:00:00.000000 +00:00	2024-05-26 15:00:00.000000 +00:00		12	0001-01-01 00:00:00.000000 +00:00	1712905633	
538	50	18				2		2024-09-08 15:00:00.000000 +00:00	2024-09-12 15:00:00.000000 +00:00		8	0001-01-01 00:00:00.000000 +00:00	1712902653	
524	49	14				1		2024-03-31 15:00:00.000000 +00:00	2024-04-29 15:00:00.000000 +00:00		3	0001-01-01 00:00:00.000000 +00:00	1711928024	
486	47	20			80	1		2024-07-08 15:00:00.000000 +00:00	2024-07-29 15:00:00.000000 +00:00		11	0001-01-01 00:00:00.000000 +00:00	1710723490	
419	45	15	8		512	1		2024-05-06 15:00:00.000000 +00:00	2024-07-07 15:00:00.000000 +00:00		4	0001-01-01 00:00:00.000000 +00:00	1714043407	
416	45	12	5		328	2		2024-02-29 15:00:00.000000 +00:00	2024-05-30 15:00:00.000000 +00:00	45	1	0001-01-01 00:00:00.000000 +00:00	1713156338	<p>3/4着手　I/Oマンガが完了3/27予定⇨再着手</p>
426	45	7	1		48	1		2024-08-22 15:00:00.000000 +00:00	2024-09-01 15:00:00.000000 +00:00		11	0001-01-01 00:00:00.000000 +00:00	1711778518	
497	48	15	8		168	1		2024-03-31 15:00:00.000000 +00:00	2024-04-28 15:00:00.000000 +00:00	50	4	0001-01-01 00:00:00.000000 +00:00	1712568952	
421	45	2	2		96	1		2024-07-01 15:00:00.000000 +00:00	2024-07-14 15:00:00.000000 +00:00		6	0001-01-01 00:00:00.000000 +00:00	1711778213	
74	17	13	4		160	1		2024-02-08 15:00:00.000000 +00:00	2024-03-10 15:00:00.000000 +00:00	100	2	0001-01-01 00:00:00.000000 +00:00	1710487570	<p>制御連携を行う予定。</p>
417	45	13	4		520	1		2024-04-14 15:00:00.000000 +00:00	2024-07-04 15:00:00.000000 +00:00	2	2	0001-01-01 00:00:00.000000 +00:00	1713946596	
195	31	14	6		160	1		2024-02-18 15:00:00.000000 +00:00	2024-03-14 15:00:00.000000 +00:00	100	3	0001-01-01 00:00:00.000000 +00:00	1711339492	<p>2.26現在　支給品の納期の言及なし　⇨　商社の納期回答をもらう動きをする。</p>
420	45	16	8		512	1		2024-04-29 15:00:00.000000 +00:00	2024-06-30 15:00:00.000000 +00:00		5	0001-01-01 00:00:00.000000 +00:00	1711777510	<p>石定盤とIAIは先行発注</p>
427	45	8	4		240	1		2024-09-02 15:00:00.000000 +00:00	2024-10-03 15:00:00.000000 +00:00		12	0001-01-01 00:00:00.000000 +00:00	1711778524	
435	45	19	1		8	1		2024-10-27 15:00:00.000000 +00:00	2024-10-28 15:00:00.000000 +00:00		16	0001-01-01 00:00:00.000000 +00:00	1711778555	
817	68	15	2		320	1		2024-07-31 15:00:00.000000 +00:00	2024-09-15 15:00:00.000000 +00:00		4	0001-01-01 00:00:00.000000 +00:00	1711776617	
522	49	13				1		2024-03-31 15:00:00.000000 +00:00	2024-05-29 15:00:00.000000 +00:00		2	2024-02-25 23:33:03.669308 +00:00	1708904162	
523	49	16				1		2024-04-30 15:00:00.000000 +00:00	2024-05-29 15:00:00.000000 +00:00		5	2024-02-25 23:33:11.686249 +00:00	1708919006	
526	49	2				1		2024-05-30 15:00:00.000000 +00:00	2024-06-10 15:00:00.000000 +00:00		6	2024-02-25 23:33:25.046910 +00:00	1708919025	
423	45	3	5		16	1		2024-08-01 15:00:00.000000 +00:00	2024-08-04 15:00:00.000000 +00:00		8	0001-01-01 00:00:00.000000 +00:00	1711778506	
820	68	1	1		100	1		2024-09-16 15:00:00.000000 +00:00	2024-09-27 15:00:00.000000 +00:00		6	0001-01-01 00:00:00.000000 +00:00	1711776678	
556	52	14			160	1	1	2024-03-29 15:00:00.000000 +00:00	2024-04-25 15:00:00.000000 +00:00		4	0001-01-01 00:00:00.000000 +00:00	1710475399	
539	10	1			16	1		2024-03-11 15:00:00.000000 +00:00	2024-03-12 15:00:00.000000 +00:00	100	0	0001-01-01 00:00:00.000000 +00:00	1712623907	
818	68	16	8		320	1		2024-07-31 15:00:00.000000 +00:00	2024-09-15 15:00:00.000000 +00:00		5	0001-01-01 00:00:00.000000 +00:00	1711776671	
85	17	20			176	1		2024-03-31 15:00:00.000000 +00:00	2024-04-25 15:00:00.000000 +00:00	85	14	0001-01-01 00:00:00.000000 +00:00	1713750363	<p>拭き取り</p>
491	11	27	5		8	1		2024-04-22 15:00:00.000000 +00:00	2024-04-22 15:00:00.000000 +00:00	100	13	0001-01-01 00:00:00.000000 +00:00	1713871046	
482	47	2	2		300	3		2024-05-27 15:00:00.000000 +00:00	2024-06-18 15:00:00.000000 +00:00		7	0001-01-01 00:00:00.000000 +00:00	1710471449	
43	11	13	4		192	1		2024-02-01 15:00:00.000000 +00:00	2024-03-17 15:00:00.000000 +00:00	100	2	0001-01-01 00:00:00.000000 +00:00	1711334562	<p>制御連携中</p><p><br></p><p>詳細仕様確認中</p><p><br></p>
819	68	2	2		60	1		2024-09-16 15:00:00.000000 +00:00	2024-09-27 15:00:00.000000 +00:00		7	0001-01-01 00:00:00.000000 +00:00	1711776628	
537	50	9				1		2024-09-02 15:00:00.000000 +00:00	2024-09-03 15:00:00.000000 +00:00		7	0001-01-01 00:00:00.000000 +00:00	1712902660	
480	47	16	8		160	1		2024-04-25 15:00:00.000000 +00:00	2024-05-26 15:00:00.000000 +00:00		5	0001-01-01 00:00:00.000000 +00:00	1711668881	
84	17	8	4		144	1		2024-03-13 15:00:00.000000 +00:00	2024-04-11 15:00:00.000000 +00:00	95	12	0001-01-01 00:00:00.000000 +00:00	1712732743	<p><br></p>
432	45	18			40	1					18	0001-01-01 00:00:00.000000 +00:00	1711777659	
532	50	8				1		2024-05-30 15:00:00.000000 +00:00	2024-07-30 15:00:00.000000 +00:00		2	2024-02-26 03:45:04.396465 +00:00	1708919244	
529	49	4				1		2024-06-17 15:00:00.000000 +00:00	2024-06-24 15:00:00.000000 +00:00		9	2024-02-25 23:33:58.958648 +00:00	1708919070	
428	45	9	1		8	1		2024-11-03 15:00:00.000000 +00:00	2024-11-04 15:00:00.000000 +00:00		17	0001-01-01 00:00:00.000000 +00:00	1711777655	
530	49	5				1		2024-06-25 15:00:00.000000 +00:00	2024-06-26 15:00:00.000000 +00:00		10	2024-02-25 23:34:01.724630 +00:00	1708919094	
425	45	5	4		8	1		2024-08-20 15:00:00.000000 +00:00	2024-08-21 15:00:00.000000 +00:00		10	0001-01-01 00:00:00.000000 +00:00	1711778516	
534	50	20				1		2024-07-31 15:00:00.000000 +00:00	2024-08-29 15:00:00.000000 +00:00		4	0001-01-01 00:00:00.000000 +00:00	1712909754	
528	49	3	5			1		2024-06-16 15:00:00.000000 +00:00	2024-06-16 15:00:00.000000 +00:00		8	0001-01-01 00:00:00.000000 +00:00	1711684745	
536	50	26	1			1		2024-09-01 15:00:00.000000 +00:00	2024-09-01 15:00:00.000000 +00:00		6	0001-01-01 00:00:00.000000 +00:00	1712909779	
699	62	9	1			1		2024-07-16 15:00:00.000000 +00:00	2024-07-16 15:00:00.000000 +00:00		14	0001-01-01 00:00:00.000000 +00:00	1710239234	
535	50	27				1		2024-08-29 15:00:00.000000 +00:00	2024-08-29 15:00:00.000000 +00:00		5	2024-02-26 03:45:52.060120 +00:00	1708919309	
418	45	14	8		512	1		2024-04-29 15:00:00.000000 +00:00	2024-06-30 15:00:00.000000 +00:00	1	3	0001-01-01 00:00:00.000000 +00:00	1713745208	
481	47	1	1		500	2	1	2024-05-27 15:00:00.000000 +00:00	2024-06-24 15:00:00.000000 +00:00		6	0001-01-01 00:00:00.000000 +00:00	1713751392	
816	68	14	8		320	1		2024-07-31 15:00:00.000000 +00:00	2024-09-15 15:00:00.000000 +00:00		3	0001-01-01 00:00:00.000000 +00:00	1711776670	
414	44	27	3		1	1		2024-03-17 15:00:00.000000 +00:00	2024-03-18 15:00:00.000000 +00:00	100	8	0001-01-01 00:00:00.000000 +00:00	1711091281	
525	49	15				1		2024-03-31 15:00:00.000000 +00:00	2024-04-29 15:00:00.000000 +00:00		4	2024-02-25 23:33:20.856148 +00:00	1708904223	
477	47	13	4		400	2		2024-03-31 15:00:00.000000 +00:00	2024-05-16 15:00:00.000000 +00:00		2	0001-01-01 00:00:00.000000 +00:00	1710471449	
430	45	10			8	1		2024-10-06 15:00:00.000000 +00:00	2024-10-07 15:00:00.000000 +00:00		13	0001-01-01 00:00:00.000000 +00:00	1711778529	
475	47	11	3		450	1		2024-03-17 15:00:00.000000 +00:00	2024-04-24 15:00:00.000000 +00:00	70	0	0001-01-01 00:00:00.000000 +00:00	1713748397	
422	45	1	1		182	1		2024-07-01 15:00:00.000000 +00:00	2024-07-31 15:00:00.000000 +00:00		7	0001-01-01 00:00:00.000000 +00:00	1711778501	
447	21	9				1		2024-06-12 15:00:00.000000 +00:00	2024-06-13 15:00:00.000000 +00:00		14	0001-01-01 00:00:00.000000 +00:00	1712905243	
415	45	11	3		488	1		2024-01-31 15:00:00.000000 +00:00	2024-04-29 15:00:00.000000 +00:00	86	0	0001-01-01 00:00:00.000000 +00:00	1713514567	
424	45	4	2		88	1		2024-08-05 15:00:00.000000 +00:00	2024-08-19 15:00:00.000000 +00:00		9	0001-01-01 00:00:00.000000 +00:00	1711778508	
761	65	16	8		160	1		2024-04-28 15:00:00.000000 +00:00	2024-05-23 15:00:00.000000 +00:00		5	0001-01-01 00:00:00.000000 +00:00	1711355156	
483	47	4	2		300	3		2024-06-04 15:00:00.000000 +00:00	2024-06-27 15:00:00.000000 +00:00		8	0001-01-01 00:00:00.000000 +00:00	1710723477	
485	47	8	4		500	3	1	2024-06-12 15:00:00.000000 +00:00	2024-07-07 15:00:00.000000 +00:00		9	0001-01-01 00:00:00.000000 +00:00	1710723478	
531	50	7				1		2024-05-30 15:00:00.000000 +00:00	2024-06-27 15:00:00.000000 +00:00		1	0001-01-01 00:00:00.000000 +00:00	1712909726	
770	65	20	1		40	1		2024-07-21 15:00:00.000000 +00:00	2024-07-25 15:00:00.000000 +00:00		14	0001-01-01 00:00:00.000000 +00:00	1711361365	
527	49	1	1			2		2024-05-30 15:00:00.000000 +00:00	2024-06-13 15:00:00.000000 +00:00		7	0001-01-01 00:00:00.000000 +00:00	1712902421	
476	47	12	5		200	5		2024-03-27 15:00:00.000000 +00:00	2024-04-24 15:00:00.000000 +00:00	20	1	0001-01-01 00:00:00.000000 +00:00	1713354349	
881	70	10			8	1	1	2024-08-21 15:00:00.000000 +00:00	2024-08-21 15:00:00.000000 +00:00		12	0001-01-01 00:00:00.000000 +00:00	1714003514	
533	50	10				3		2024-07-30 15:00:00.000000 +00:00	2024-07-30 15:00:00.000000 +00:00		3	0001-01-01 00:00:00.000000 +00:00	1712909750	
478	47	14	8		160	1		2024-04-25 15:00:00.000000 +00:00	2024-05-26 15:00:00.000000 +00:00		3	0001-01-01 00:00:00.000000 +00:00	1711668877	
546	51	1	1		450	2	1	2024-06-09 15:00:00.000000 +00:00	2024-07-03 15:00:00.000000 +00:00		7	0001-01-01 00:00:00.000000 +00:00	1713751403	
559	52	1	1		120	2	1	2024-04-29 15:00:00.000000 +00:00	2024-05-09 15:00:00.000000 +00:00		7	0001-01-01 00:00:00.000000 +00:00	1712909278	
548	51	4	2		150	2	1	2024-06-23 15:00:00.000000 +00:00	2024-07-14 15:00:00.000000 +00:00		9	0001-01-01 00:00:00.000000 +00:00	1710471598	
592	54	11				1		2024-03-04 15:00:00.000000 +00:00	2024-03-04 15:00:00.000000 +00:00		0	2024-03-05 08:40:57.196627 +00:00	1709628057	
484	47	7	1		200	1		2024-06-18 15:00:00.000000 +00:00	2024-07-06 15:00:00.000000 +00:00		10	0001-01-01 00:00:00.000000 +00:00	1712909413	
551	51	20			80	1	1	2024-07-24 15:00:00.000000 +00:00	2024-07-29 15:00:00.000000 +00:00		12	0001-01-01 00:00:00.000000 +00:00	1712909386	
593	54	12				1		2024-03-04 15:00:00.000000 +00:00	2024-03-04 15:00:00.000000 +00:00		1	2024-03-05 08:40:57.200175 +00:00	1709628057	
561	52	4	2		20	1		2024-05-12 15:00:00.000000 +00:00	2024-05-24 15:00:00.000000 +00:00		9	0001-01-01 00:00:00.000000 +00:00	1712646671	
594	54	13				1		2024-03-04 15:00:00.000000 +00:00	2024-03-04 15:00:00.000000 +00:00		2	2024-03-05 08:40:57.202876 +00:00	1709628057	
563	52	7	1		16	1	1	2024-06-02 15:00:00.000000 +00:00	2024-06-03 15:00:00.000000 +00:00		11	0001-01-01 00:00:00.000000 +00:00	1712909355	
553	52	11	3		40	1		2024-03-17 15:00:00.000000 +00:00	2024-03-21 15:00:00.000000 +00:00	95	1	0001-01-01 00:00:00.000000 +00:00	1713143283	
619	55	11	3		1800	2		2024-05-01 15:00:00.000000 +00:00	2024-09-28 15:00:00.000000 +00:00		0	0001-01-01 00:00:00.000000 +00:00	1709784969	
549	51	8	4		300	3	1	2024-06-30 15:00:00.000000 +00:00	2024-07-22 15:00:00.000000 +00:00		10	0001-01-01 00:00:00.000000 +00:00	1710471616	
620	55	12	5		1800	2		2024-06-29 15:00:00.000000 +00:00	2024-09-29 15:00:00.000000 +00:00		1	0001-01-01 00:00:00.000000 +00:00	1709784999	
629	55	8	4		1280	4		2025-01-30 15:00:00.000000 +00:00	2025-03-30 15:00:00.000000 +00:00		10	0001-01-01 00:00:00.000000 +00:00	1709784805	
560	52	2	2		20	2		2024-04-29 15:00:00.000000 +00:00	2024-05-09 15:00:00.000000 +00:00		8	0001-01-01 00:00:00.000000 +00:00	1710475762	
634	57	16	8			0		2024-03-16 15:00:00.000000 +00:00	2024-05-27 15:00:00.000000 +00:00	50	2	0001-01-01 00:00:00.000000 +00:00	1712627612	
701	59	7	1			1		2024-07-28 15:00:00.000000 +00:00	2024-08-01 15:00:00.000000 +00:00		8	0001-01-01 00:00:00.000000 +00:00	1712626997	
638	57	4	2		64	2		2024-07-04 15:00:00.000000 +00:00	2024-07-15 15:00:00.000000 +00:00		6	0001-01-01 00:00:00.000000 +00:00	1712627613	
641	57	8	4		96	1		2024-07-21 15:00:00.000000 +00:00	2024-07-29 15:00:00.000000 +00:00		8	0001-01-01 00:00:00.000000 +00:00	1712627621	
635	57	1	1		400	1		2024-05-26 15:00:00.000000 +00:00	2024-07-01 15:00:00.000000 +00:00		3	0001-01-01 00:00:00.000000 +00:00	1712627612	
640	57	7	1		80	1		2024-07-23 15:00:00.000000 +00:00	2024-07-26 15:00:00.000000 +00:00		9	0001-01-01 00:00:00.000000 +00:00	1712627633	
632	57	14	6			1		2024-03-16 15:00:00.000000 +00:00	2024-05-09 15:00:00.000000 +00:00	50	0	0001-01-01 00:00:00.000000 +00:00	1712627611	
622	55	14	8			1		2024-09-28 15:00:00.000000 +00:00	2024-12-01 15:00:00.000000 +00:00		3	0001-01-01 00:00:00.000000 +00:00	1711668748	
562	52	8	4		100	1	1	2024-05-26 15:00:00.000000 +00:00	2024-06-10 15:00:00.000000 +00:00		10	0001-01-01 00:00:00.000000 +00:00	1712646778	
639	57	5	4		32	1		2024-07-16 15:00:00.000000 +00:00	2024-07-18 15:00:00.000000 +00:00		7	0001-01-01 00:00:00.000000 +00:00	1712627613	
636	57	2	2		200	1		2024-06-09 15:00:00.000000 +00:00	2024-06-13 15:00:00.000000 +00:00		4	0001-01-01 00:00:00.000000 +00:00	1712627612	
633	57	15	6			1		2024-03-16 15:00:00.000000 +00:00	2024-05-09 15:00:00.000000 +00:00	50	1	0001-01-01 00:00:00.000000 +00:00	1712627611	
595	54	14				1		2024-03-04 15:00:00.000000 +00:00	2024-03-04 15:00:00.000000 +00:00		3	2024-03-05 08:40:57.205642 +00:00	1709628057	
596	54	15				1		2024-03-04 15:00:00.000000 +00:00	2024-03-04 15:00:00.000000 +00:00		4	2024-03-05 08:40:57.207915 +00:00	1709628057	
597	54	16				1		2024-03-04 15:00:00.000000 +00:00	2024-03-04 15:00:00.000000 +00:00		5	2024-03-05 08:40:57.210174 +00:00	1709628057	
598	54	2				1		2024-03-04 15:00:00.000000 +00:00	2024-03-04 15:00:00.000000 +00:00		6	2024-03-05 08:40:57.212691 +00:00	1709628057	
599	54	1				1		2024-03-04 15:00:00.000000 +00:00	2024-03-04 15:00:00.000000 +00:00		7	2024-03-05 08:40:57.214838 +00:00	1709628057	
600	54	3				1		2024-03-04 15:00:00.000000 +00:00	2024-03-04 15:00:00.000000 +00:00		8	2024-03-05 08:40:57.217188 +00:00	1709628057	
601	54	4				1		2024-03-04 15:00:00.000000 +00:00	2024-03-04 15:00:00.000000 +00:00		9	2024-03-05 08:40:57.219593 +00:00	1709628057	
602	54	5				1		2024-03-04 15:00:00.000000 +00:00	2024-03-04 15:00:00.000000 +00:00		10	2024-03-05 08:40:57.223953 +00:00	1709628057	
637	57	3	5		8	1		2024-07-02 15:00:00.000000 +00:00	2024-07-03 15:00:00.000000 +00:00		5	0001-01-01 00:00:00.000000 +00:00	1712627613	
603	54	7				1		2024-03-04 15:00:00.000000 +00:00	2024-03-04 15:00:00.000000 +00:00		11	2024-03-05 08:40:57.225986 +00:00	1709628057	
558	52	16			160	0	1	2024-03-24 15:00:00.000000 +00:00	2024-04-25 15:00:00.000000 +00:00		6	0001-01-01 00:00:00.000000 +00:00	1712897046	
564	52	20			16	1	1	2024-06-09 15:00:00.000000 +00:00	2024-06-17 15:00:00.000000 +00:00		12	0001-01-01 00:00:00.000000 +00:00	1712909380	
565	53	11	3		64	1		2024-03-10 15:00:00.000000 +00:00	2024-03-21 15:00:00.000000 +00:00	100	0	0001-01-01 00:00:00.000000 +00:00	1711333478	
604	54	8				1		2024-03-04 15:00:00.000000 +00:00	2024-03-04 15:00:00.000000 +00:00		12	2024-03-05 08:40:57.227994 +00:00	1709628057	
605	54	9				1		2024-03-04 15:00:00.000000 +00:00	2024-03-04 15:00:00.000000 +00:00		13	2024-03-05 08:40:57.230590 +00:00	1709628057	
545	51	16			160	1		2024-05-05 15:00:00.000000 +00:00	2024-06-06 15:00:00.000000 +00:00		6	0001-01-01 00:00:00.000000 +00:00	1710471449	
606	54	6				1		2024-03-04 15:00:00.000000 +00:00	2024-03-04 15:00:00.000000 +00:00		14	2024-03-05 08:40:57.232881 +00:00	1709628057	
557	52	15			160	1		2024-03-30 15:00:00.000000 +00:00	2024-04-25 15:00:00.000000 +00:00		5	0001-01-01 00:00:00.000000 +00:00	1710475396	
607	54	10				1		2024-03-04 15:00:00.000000 +00:00	2024-03-04 15:00:00.000000 +00:00		15	2024-03-05 08:40:57.235172 +00:00	1709628057	
631	55	18				1		2025-04-27 15:00:00.000000 +00:00	2025-05-04 15:00:00.000000 +00:00		12	0001-01-01 00:00:00.000000 +00:00	1709784299	
547	51	2	2		150	2		2024-06-09 15:00:00.000000 +00:00	2024-06-27 15:00:00.000000 +00:00		8	0001-01-01 00:00:00.000000 +00:00	1710471449	
608	54	17				1		2024-03-04 15:00:00.000000 +00:00	2024-03-04 15:00:00.000000 +00:00		16	2024-03-05 08:40:57.239682 +00:00	1709628057	
609	54	18				1		2024-03-04 15:00:00.000000 +00:00	2024-03-04 15:00:00.000000 +00:00		17	2024-03-05 08:40:57.242143 +00:00	1709628057	
610	54	22				1		2024-03-04 15:00:00.000000 +00:00	2024-03-04 15:00:00.000000 +00:00		18	2024-03-05 08:40:57.244555 +00:00	1709628057	
550	51	7	1		100	1		2024-06-30 15:00:00.000000 +00:00	2024-07-22 15:00:00.000000 +00:00		11	0001-01-01 00:00:00.000000 +00:00	1713751411	
542	51	13	4		300	2	1	2024-05-20 15:00:00.000000 +00:00	2024-06-13 15:00:00.000000 +00:00		3	0001-01-01 00:00:00.000000 +00:00	1710471449	
621	55	13	4		3000	4		2024-09-29 15:00:00.000000 +00:00	2025-01-30 15:00:00.000000 +00:00		2	0001-01-01 00:00:00.000000 +00:00	1709785215	
541	51	12	5		150	5	-5	2024-04-24 15:00:00.000000 +00:00	2024-05-19 15:00:00.000000 +00:00	5	2	0001-01-01 00:00:00.000000 +00:00	1713499265	
540	51	11	3		300	1		2024-03-24 15:00:00.000000 +00:00	2024-05-02 15:00:00.000000 +00:00	40	1	0001-01-01 00:00:00.000000 +00:00	1713748404	
623	55	15	8			1		2024-09-28 15:00:00.000000 +00:00	2024-12-01 15:00:00.000000 +00:00		4	0001-01-01 00:00:00.000000 +00:00	1711668752	
624	55	16	8			1		2024-09-29 15:00:00.000000 +00:00	2024-12-01 15:00:00.000000 +00:00		5	0001-01-01 00:00:00.000000 +00:00	1711668754	
479	47	15	8		160	1		2024-04-25 15:00:00.000000 +00:00	2024-05-26 15:00:00.000000 +00:00		4	0001-01-01 00:00:00.000000 +00:00	1711668878	
611	54	21				1		2024-03-04 15:00:00.000000 +00:00	2024-03-04 15:00:00.000000 +00:00		19	2024-03-05 08:40:57.246555 +00:00	1709628057	
612	54	19				1		2024-03-04 15:00:00.000000 +00:00	2024-03-04 15:00:00.000000 +00:00		20	2024-03-05 08:40:57.248505 +00:00	1709628057	
613	54	20				1		2024-03-04 15:00:00.000000 +00:00	2024-03-04 15:00:00.000000 +00:00		21	2024-03-05 08:40:57.250227 +00:00	1709628057	
615	54	24				1		2024-03-04 15:00:00.000000 +00:00	2024-03-09 15:00:00.000000 +00:00		23	2024-03-05 08:40:57.254145 +00:00	1709628057	
616	54	25				1		2024-03-10 15:00:00.000000 +00:00	2024-03-16 15:00:00.000000 +00:00		24	2024-03-05 08:40:57.256649 +00:00	1709628057	
617	54	26				1		2024-03-17 15:00:00.000000 +00:00	2024-03-23 15:00:00.000000 +00:00		25	2024-03-05 08:40:57.258680 +00:00	1709628057	
618	54	27				1		2024-03-24 15:00:00.000000 +00:00	2024-03-30 15:00:00.000000 +00:00		26	2024-03-05 08:40:57.260765 +00:00	1709628057	
626	55	2	2		700	4		2024-11-30 15:00:00.000000 +00:00	2024-12-28 15:00:00.000000 +00:00		7	0001-01-01 00:00:00.000000 +00:00	1709784754	
628	55	7	1		480	3		2025-01-30 15:00:00.000000 +00:00	2025-03-30 15:00:00.000000 +00:00		9	0001-01-01 00:00:00.000000 +00:00	1709784791	
630	55	20	4		1280	4		2025-03-28 15:00:00.000000 +00:00	2025-04-30 15:00:00.000000 +00:00		11	0001-01-01 00:00:00.000000 +00:00	1709784825	
625	55	1	1		700	4		2024-11-29 15:00:00.000000 +00:00	2024-12-29 15:00:00.000000 +00:00		6	0001-01-01 00:00:00.000000 +00:00	1709784743	
627	55	4	2		700	4		2024-12-29 15:00:00.000000 +00:00	2025-02-01 15:00:00.000000 +00:00		8	0001-01-01 00:00:00.000000 +00:00	1709784762	
657	58	19	1			1		2024-07-28 15:00:00.000000 +00:00	2024-07-28 15:00:00.000000 +00:00		9	0001-01-01 00:00:00.000000 +00:00	1712626403	
673	60	13	4		4000	4		2024-10-02 15:00:00.000000 +00:00	2025-03-22 15:00:00.000000 +00:00		2	0001-01-01 00:00:00.000000 +00:00	1709892104	
681	60	8	4		1280	4		2025-03-30 15:00:00.000000 +00:00	2025-06-08 15:00:00.000000 +00:00		10	0001-01-01 00:00:00.000000 +00:00	1709892203	
678	60	2	2		700	4		2025-02-03 15:00:00.000000 +00:00	2025-03-16 15:00:00.000000 +00:00		7	0001-01-01 00:00:00.000000 +00:00	1709892308	
674	60	14	8			1		2024-11-23 15:00:00.000000 +00:00	2025-01-31 15:00:00.000000 +00:00		3	0001-01-01 00:00:00.000000 +00:00	1711668843	
672	60	12	5		1800	2		2024-07-29 15:00:00.000000 +00:00	2024-11-29 15:00:00.000000 +00:00		1	0001-01-01 00:00:00.000000 +00:00	1709892450	
643	57	10				3		2024-08-08 15:00:00.000000 +00:00	2024-08-08 15:00:00.000000 +00:00		11	0001-01-01 00:00:00.000000 +00:00	1712627692	
87	17	22				2		2024-04-30 15:00:00.000000 +00:00	2024-05-07 15:00:00.000000 +00:00		18	0001-01-01 00:00:00.000000 +00:00	1712705751	<p>5/1~5/2&nbsp;&nbsp;&nbsp;&nbsp;装置の立ち上げ (製作チーム)</p><p>5/7~5/8&nbsp;&nbsp;&nbsp;&nbsp;&nbsp;基幹システムとの連携確認 </p>
883	70	27			8	1		2024-08-22 15:00:00.000000 +00:00	2024-08-22 15:00:00.000000 +00:00		13	0001-01-01 00:00:00.000000 +00:00	1714003506	
675	60	15	8			1		2024-11-24 15:00:00.000000 +00:00	2025-01-30 15:00:00.000000 +00:00		4	0001-01-01 00:00:00.000000 +00:00	1711668844	
676	60	16	8			1		2024-11-24 15:00:00.000000 +00:00	2025-01-29 15:00:00.000000 +00:00		5	0001-01-01 00:00:00.000000 +00:00	1711668846	
884	70	19			8	1		2024-08-22 15:00:00.000000 +00:00	2024-08-22 15:00:00.000000 +00:00		14	0001-01-01 00:00:00.000000 +00:00	1714003507	
885	70	9			8	1	1	2024-08-25 15:00:00.000000 +00:00	2024-08-25 15:00:00.000000 +00:00		15	0001-01-01 00:00:00.000000 +00:00	1714003508	
869	70	12	5		120	1		2024-05-19 15:00:00.000000 +00:00	2024-06-06 15:00:00.000000 +00:00		1	0001-01-01 00:00:00.000000 +00:00	1714008989	
131	21	16	8		200	1		2024-02-18 15:00:00.000000 +00:00	2024-03-21 15:00:00.000000 +00:00	100	3	0001-01-01 00:00:00.000000 +00:00	1712625334	
663	59	1	1		180	1		2024-05-19 15:00:00.000000 +00:00	2024-07-03 15:00:00.000000 +00:00		3	0001-01-01 00:00:00.000000 +00:00	1712909034	
669	59	27	5			1		2024-08-19 15:00:00.000000 +00:00	2024-08-20 15:00:00.000000 +00:00		10	0001-01-01 00:00:00.000000 +00:00	1712627010	
670	59	9	1			1		2024-08-21 15:00:00.000000 +00:00	2024-08-21 15:00:00.000000 +00:00		12	0001-01-01 00:00:00.000000 +00:00	1712627020	
649	58	1	1		500	1		2024-05-12 15:00:00.000000 +00:00	2024-06-28 15:00:00.000000 +00:00		3	0001-01-01 00:00:00.000000 +00:00	1713751337	
873	70	16	8		160	1		2024-06-09 15:00:00.000000 +00:00	2024-07-04 15:00:00.000000 +00:00		3	0001-01-01 00:00:00.000000 +00:00	1714003497	
642	57	20	1			1		2024-07-30 15:00:00.000000 +00:00	2024-08-19 15:00:00.000000 +00:00		10	0001-01-01 00:00:00.000000 +00:00	1712909829	
668	59	10				3		2024-08-18 15:00:00.000000 +00:00	2024-08-18 15:00:00.000000 +00:00		11	0001-01-01 00:00:00.000000 +00:00	1712627166	
645	57	9	1			1		2024-08-20 15:00:00.000000 +00:00	2024-08-21 15:00:00.000000 +00:00		13	0001-01-01 00:00:00.000000 +00:00	1712909835	
671	60	11	3		1800	2		2024-05-31 15:00:00.000000 +00:00	2024-10-01 15:00:00.000000 +00:00		0	0001-01-01 00:00:00.000000 +00:00	1709891974	
644	57	27	5			1		2024-08-18 15:00:00.000000 +00:00	2024-08-19 15:00:00.000000 +00:00		12	0001-01-01 00:00:00.000000 +00:00	1712627615	
660	59	14	6			1		2024-03-17 15:00:00.000000 +00:00	2024-05-09 15:00:00.000000 +00:00	50	0	0001-01-01 00:00:00.000000 +00:00	1712626995	
661	59	15	6			1		2024-03-17 15:00:00.000000 +00:00	2024-05-09 15:00:00.000000 +00:00	50	1	0001-01-01 00:00:00.000000 +00:00	1712626995	
677	60	1	1		700	4		2025-01-29 15:00:00.000000 +00:00	2025-03-12 15:00:00.000000 +00:00		6	0001-01-01 00:00:00.000000 +00:00	1709892005	
662	59	16	8		190	1		2024-04-09 15:00:00.000000 +00:00	2024-05-09 15:00:00.000000 +00:00	50	2	0001-01-01 00:00:00.000000 +00:00	1712626995	
679	60	4	2		700	4		2025-03-11 15:00:00.000000 +00:00	2025-04-26 15:00:00.000000 +00:00		8	0001-01-01 00:00:00.000000 +00:00	1709892015	
680	60	7	1		480	3		2025-04-20 15:00:00.000000 +00:00	2025-05-19 15:00:00.000000 +00:00		9	0001-01-01 00:00:00.000000 +00:00	1709892024	
875	70	2	2		24	1	1	2024-07-14 15:00:00.000000 +00:00	2024-07-16 15:00:00.000000 +00:00		5	0001-01-01 00:00:00.000000 +00:00	1714003499	
664	59	2	2		60	2		2024-05-19 15:00:00.000000 +00:00	2024-05-24 15:00:00.000000 +00:00		4	0001-01-01 00:00:00.000000 +00:00	1712626996	
646	58	14	6			1		2024-03-17 15:00:00.000000 +00:00	2024-05-09 15:00:00.000000 +00:00	50	0	0001-01-01 00:00:00.000000 +00:00	1712626393	
876	70	3	5		8	1	1	2024-07-17 15:00:00.000000 +00:00	2024-07-17 15:00:00.000000 +00:00		6	0001-01-01 00:00:00.000000 +00:00	1714003500	
647	58	15	6			1		2024-03-17 15:00:00.000000 +00:00	2024-05-09 15:00:00.000000 +00:00	50	1	0001-01-01 00:00:00.000000 +00:00	1712626394	
665	59	3	5		10	2		2024-07-04 15:00:00.000000 +00:00	2024-07-07 15:00:00.000000 +00:00		5	0001-01-01 00:00:00.000000 +00:00	1712626996	
648	58	16	8			1		2024-03-17 15:00:00.000000 +00:00	2024-05-09 15:00:00.000000 +00:00	50	2	0001-01-01 00:00:00.000000 +00:00	1712626394	
877	70	4	2		24	1	1	2024-07-18 15:00:00.000000 +00:00	2024-07-22 15:00:00.000000 +00:00		7	0001-01-01 00:00:00.000000 +00:00	1714003500	
666	59	4	2		80	2		2024-07-08 15:00:00.000000 +00:00	2024-07-18 15:00:00.000000 +00:00		6	0001-01-01 00:00:00.000000 +00:00	1712626997	
879	70	7	1		40	1	1	2024-07-24 15:00:00.000000 +00:00	2024-07-30 15:00:00.000000 +00:00		9	0001-01-01 00:00:00.000000 +00:00	1714003503	
650	58	2	2		220	2		2024-05-12 15:00:00.000000 +00:00	2024-05-21 15:00:00.000000 +00:00		4	0001-01-01 00:00:00.000000 +00:00	1712626395	
651	58	3	5		20	1		2024-06-26 15:00:00.000000 +00:00	2024-06-27 15:00:00.000000 +00:00		5	0001-01-01 00:00:00.000000 +00:00	1712626395	
652	58	4	2		120	2		2024-06-30 15:00:00.000000 +00:00	2024-07-21 15:00:00.000000 +00:00		6	0001-01-01 00:00:00.000000 +00:00	1712626396	
653	58	5	4			1		2024-07-22 15:00:00.000000 +00:00	2024-07-28 15:00:00.000000 +00:00		7	0001-01-01 00:00:00.000000 +00:00	1712626396	
667	59	5	4		40	1		2024-07-21 15:00:00.000000 +00:00	2024-07-26 15:00:00.000000 +00:00		7	0001-01-01 00:00:00.000000 +00:00	1712626997	
882	70	20	1		40	1	1	2024-08-07 15:00:00.000000 +00:00	2024-08-21 15:00:00.000000 +00:00		11	0001-01-01 00:00:00.000000 +00:00	1714003504	
659	58	9	1			1		2024-07-28 15:00:00.000000 +00:00	2024-07-29 15:00:00.000000 +00:00		10	0001-01-01 00:00:00.000000 +00:00	1712626398	
658	58	27	5			1		2024-07-24 15:00:00.000000 +00:00	2024-07-28 15:00:00.000000 +00:00		8	0001-01-01 00:00:00.000000 +00:00	1712626401	
822	68	4	2		60	1		2024-09-29 15:00:00.000000 +00:00	2024-10-10 15:00:00.000000 +00:00		8	0001-01-01 00:00:00.000000 +00:00	1711776683	
683	60	18				1		2025-07-28 15:00:00.000000 +00:00	2025-08-31 15:00:00.000000 +00:00		12	0001-01-01 00:00:00.000000 +00:00	1709891651	
824	68	7	1		40	1		2024-10-20 15:00:00.000000 +00:00	2024-10-30 15:00:00.000000 +00:00		9	0001-01-01 00:00:00.000000 +00:00	1711776691	
793	66	18			24	1		2024-07-14 15:00:00.000000 +00:00	2024-07-18 15:00:00.000000 +00:00		18	0001-01-01 00:00:00.000000 +00:00	1713150183	
806	67	8	4		200	1		2024-12-22 15:00:00.000000 +00:00	2025-01-23 15:00:00.000000 +00:00		12	0001-01-01 00:00:00.000000 +00:00	1712645183	
682	60	20	4		1280	4		2025-06-06 15:00:00.000000 +00:00	2025-07-27 15:00:00.000000 +00:00		11	0001-01-01 00:00:00.000000 +00:00	1709892068	
825	68	8	4		150	1		2024-10-13 15:00:00.000000 +00:00	2024-11-14 15:00:00.000000 +00:00		10	0001-01-01 00:00:00.000000 +00:00	1711777009	
807	67	10				1		2025-01-26 15:00:00.000000 +00:00	2025-01-27 15:00:00.000000 +00:00		13	0001-01-01 00:00:00.000000 +00:00	1712645189	
808	67	20	1		80	1		2025-01-26 15:00:00.000000 +00:00	2025-02-06 15:00:00.000000 +00:00		14	0001-01-01 00:00:00.000000 +00:00	1712645191	
809	67	27	5		8	1		2025-02-09 15:00:00.000000 +00:00	2025-02-09 15:00:00.000000 +00:00		15	0001-01-01 00:00:00.000000 +00:00	1712645198	
38	10	7	1		72	1		2024-03-27 15:00:00.000000 +00:00	2024-04-03 15:00:00.000000 +00:00	100	1	0001-01-01 00:00:00.000000 +00:00	1712623908	<p>調整まで　⇨　調整までとは。認識合わせが必要</p><p><br></p><p>出荷日と請負範囲はお客様持ち帰り状態　3.19</p><p>スカラーロボットのキャリブレーション修正⇨スカラー1、2直角出てない　0.008くらいのズレ</p>
792	66	9	1		8	1		2024-07-11 15:00:00.000000 +00:00	2024-07-11 15:00:00.000000 +00:00		17	0001-01-01 00:00:00.000000 +00:00	1713150187	
39	10	8	6		360	1		2024-03-14 15:00:00.000000 +00:00	2024-03-20 15:00:00.000000 +00:00	100	2	0001-01-01 00:00:00.000000 +00:00	1712623908	<p>必要情報を只野さんに報告　⇨　客先に確認依頼する</p>
684	62	11	3		320	2		2024-03-17 15:00:00.000000 +00:00	2024-05-09 15:00:00.000000 +00:00	65	0	0001-01-01 00:00:00.000000 +00:00	1713507082	
778	66	14			160	1		2024-05-12 15:00:00.000000 +00:00	2024-05-23 15:00:00.000000 +00:00		3	0001-01-01 00:00:00.000000 +00:00	1713150257	
777	66	13	4		80	1		2024-05-12 15:00:00.000000 +00:00	2024-06-05 15:00:00.000000 +00:00		2	0001-01-01 00:00:00.000000 +00:00	1713150263	
776	66	12	5		80	1		2024-04-29 15:00:00.000000 +00:00	2024-05-12 15:00:00.000000 +00:00		1	0001-01-01 00:00:00.000000 +00:00	1714003065	
810	67	19	1		8	1		2025-02-09 15:00:00.000000 +00:00	2025-02-10 15:00:00.000000 +00:00		16	0001-01-01 00:00:00.000000 +00:00	1712645206	
791	66	19	1			1		2024-07-10 15:00:00.000000 +00:00	2024-07-11 15:00:00.000000 +00:00		16	0001-01-01 00:00:00.000000 +00:00	1713150193	
811	67	9	1		8	1		2025-02-09 15:00:00.000000 +00:00	2025-02-10 15:00:00.000000 +00:00		17	0001-01-01 00:00:00.000000 +00:00	1712645212	
812	67	18			40	1		2025-02-16 15:00:00.000000 +00:00	2025-02-23 15:00:00.000000 +00:00		18	0001-01-01 00:00:00.000000 +00:00	1712645216	
794	67	11	3		320	1		2024-06-09 15:00:00.000000 +00:00	2024-08-01 15:00:00.000000 +00:00		0	0001-01-01 00:00:00.000000 +00:00	1712645099	
908	70	22			24	1	1	2024-08-26 15:00:00.000000 +00:00	2024-08-28 15:00:00.000000 +00:00		16	0001-01-01 00:00:00.000000 +00:00	1714003508	
795	67	12	5		160	1		2024-06-09 15:00:00.000000 +00:00	2024-08-08 15:00:00.000000 +00:00		1	0001-01-01 00:00:00.000000 +00:00	1712645101	
796	67	13	4		160	1		2024-08-11 15:00:00.000000 +00:00	2024-09-12 15:00:00.000000 +00:00		2	0001-01-01 00:00:00.000000 +00:00	1712645110	
797	67	14	8		120	1		2024-08-29 15:00:00.000000 +00:00	2024-10-24 15:00:00.000000 +00:00		3	0001-01-01 00:00:00.000000 +00:00	1712645127	
775	66	11	3		80	1		2024-04-14 15:00:00.000000 +00:00	2024-04-25 15:00:00.000000 +00:00	80	0	0001-01-01 00:00:00.000000 +00:00	1714029974	
554	52	12	5		20	1	1	2024-03-17 15:00:00.000000 +00:00	2024-03-21 15:00:00.000000 +00:00	95	2	0001-01-01 00:00:00.000000 +00:00	1712313112	
798	67	15	8		120	1		2024-08-29 15:00:00.000000 +00:00	2024-10-24 15:00:00.000000 +00:00		4	0001-01-01 00:00:00.000000 +00:00	1712645128	
799	67	16	8		120	1		2024-08-29 15:00:00.000000 +00:00	2024-10-24 15:00:00.000000 +00:00		5	0001-01-01 00:00:00.000000 +00:00	1712645130	
790	66	27				1		2024-07-10 15:00:00.000000 +00:00	2024-07-11 15:00:00.000000 +00:00		15	0001-01-01 00:00:00.000000 +00:00	1713150198	
804	67	5	4		16	1		2024-12-08 15:00:00.000000 +00:00	2024-12-10 15:00:00.000000 +00:00		10	0001-01-01 00:00:00.000000 +00:00	1712645157	
789	66	20	1		40	1		2024-07-04 15:00:00.000000 +00:00	2024-07-10 15:00:00.000000 +00:00		14	0001-01-01 00:00:00.000000 +00:00	1713150201	
805	67	7	1		80	1		2024-12-11 15:00:00.000000 +00:00	2024-12-23 15:00:00.000000 +00:00		11	0001-01-01 00:00:00.000000 +00:00	1712645169	
803	67	4	2		40	1		2024-11-24 15:00:00.000000 +00:00	2024-12-05 15:00:00.000000 +00:00		9	0001-01-01 00:00:00.000000 +00:00	1711360947	
802	67	3	5		16	1		2024-11-17 15:00:00.000000 +00:00	2024-11-21 15:00:00.000000 +00:00		8	0001-01-01 00:00:00.000000 +00:00	1711360950	
788	66	10				1		2024-07-02 15:00:00.000000 +00:00	2024-07-03 15:00:00.000000 +00:00		13	0001-01-01 00:00:00.000000 +00:00	1713150205	
787	66	8	4		80	1		2024-06-18 15:00:00.000000 +00:00	2024-07-01 15:00:00.000000 +00:00		12	0001-01-01 00:00:00.000000 +00:00	1713150210	
906	21	20				1		2024-05-21 15:00:00.000000 +00:00	2024-05-24 15:00:00.000000 +00:00		11	0001-01-01 00:00:00.000000 +00:00	1712905536	
786	66	7	1		32	1		2024-06-12 15:00:00.000000 +00:00	2024-06-17 15:00:00.000000 +00:00		11	0001-01-01 00:00:00.000000 +00:00	1713150216	
826	68	9			8	1		2024-11-28 15:00:00.000000 +00:00	2024-11-28 15:00:00.000000 +00:00		12	0001-01-01 00:00:00.000000 +00:00	1711586078	
785	66	5	4		8	1		2024-06-10 15:00:00.000000 +00:00	2024-06-11 15:00:00.000000 +00:00		10	0001-01-01 00:00:00.000000 +00:00	1713150219	
801	67	2	2		40	1		2024-11-10 15:00:00.000000 +00:00	2024-11-14 15:00:00.000000 +00:00		7	0001-01-01 00:00:00.000000 +00:00	1711360953	
830	68	18			80	1		2024-12-01 15:00:00.000000 +00:00	2024-12-12 15:00:00.000000 +00:00		13	0001-01-01 00:00:00.000000 +00:00	1711586085	
784	66	4	2		24	1		2024-06-08 15:00:00.000000 +00:00	2024-06-09 15:00:00.000000 +00:00		9	0001-01-01 00:00:00.000000 +00:00	1713150222	
783	66	3	5		8	1		2024-06-05 15:00:00.000000 +00:00	2024-06-06 15:00:00.000000 +00:00		8	0001-01-01 00:00:00.000000 +00:00	1713150225	
782	66	2	2		24	1		2024-05-31 15:00:00.000000 +00:00	2024-06-04 15:00:00.000000 +00:00		7	0001-01-01 00:00:00.000000 +00:00	1713150235	
781	66	1	1		40	1		2024-05-27 15:00:00.000000 +00:00	2024-06-04 15:00:00.000000 +00:00		6	0001-01-01 00:00:00.000000 +00:00	1713150238	
780	66	16	8		160	1		2024-05-12 15:00:00.000000 +00:00	2024-05-23 15:00:00.000000 +00:00		5	0001-01-01 00:00:00.000000 +00:00	1713150245	
779	66	15			160	1		2024-05-12 15:00:00.000000 +00:00	2024-05-23 15:00:00.000000 +00:00		4	0001-01-01 00:00:00.000000 +00:00	1713150248	
800	67	1	1		80	1		2024-10-27 15:00:00.000000 +00:00	2024-11-07 15:00:00.000000 +00:00		6	0001-01-01 00:00:00.000000 +00:00	1711360957	
521	49	12	5		80	1		2024-03-24 15:00:00.000000 +00:00	2024-04-29 15:00:00.000000 +00:00	100	1	0001-01-01 00:00:00.000000 +00:00	1712926322	<p>着手3/25より</p>
904	10	20				1		2024-04-14 15:00:00.000000 +00:00	2024-04-18 15:00:00.000000 +00:00	60	3	0001-01-01 00:00:00.000000 +00:00	1713749674	
880	70	8	4		40	1	1	2024-07-31 15:00:00.000000 +00:00	2024-08-06 15:00:00.000000 +00:00		10	0001-01-01 00:00:00.000000 +00:00	1714003503	
813	68	11	3		320	1		2024-05-31 15:00:00.000000 +00:00	2024-07-30 15:00:00.000000 +00:00		0	0001-01-01 00:00:00.000000 +00:00	1711776663	
814	68	12	5		160	1		2024-07-01 15:00:00.000000 +00:00	2024-07-30 15:00:00.000000 +00:00		1	0001-01-01 00:00:00.000000 +00:00	1711776665	
815	68	13	4		200	1		2024-07-31 15:00:00.000000 +00:00	2024-09-29 15:00:00.000000 +00:00		2	0001-01-01 00:00:00.000000 +00:00	1711776668	
840	68	20			320	1		2024-11-17 15:00:00.000000 +00:00	2024-11-28 15:00:00.000000 +00:00		11	0001-01-01 00:00:00.000000 +00:00	1711776746	
226	33	10			8	3		2024-04-03 15:00:00.000000 +00:00	2024-04-03 15:00:00.000000 +00:00	100	5	0001-01-01 00:00:00.000000 +00:00	1712624030	<p>CKDのコントローラーを修理中⇨未回答 3.19　確認後完成度チェックのリスケ</p>
907	59	20	1			1		2024-08-04 15:00:00.000000 +00:00	2024-08-20 15:00:00.000000 +00:00		9	0001-01-01 00:00:00.000000 +00:00	1712626997	
110	19	8	4		176	2		2024-03-06 15:00:00.000000 +00:00	2024-04-03 15:00:00.000000 +00:00	100	12	0001-01-01 00:00:00.000000 +00:00	1712798903	<p>サイクル動作まで一旦完了</p><p><br></p><p>自動運転へ</p><p><br></p><p>お客様から画像調整して頂く予定</p><p><br></p><p>QRコードリーダーの型式が違う。⇨ 実物が届いたので個体差なのかどうかを試す 3.25 </p><p><br></p><p>(コードリーダーを変更できない・コスト上) 最終的には顧客が判断。</p><p><br></p>
