1,1,1,2023-09-21 15:00:59.830975 +00:00,1695308459
2,2,2,2023-09-25 02:29:30.909435 +00:00,1695608970
3,2,3,2023-09-25 02:29:36.112270 +00:00,1695608976
4,3,4,2023-09-26 04:26:28.831775 +00:00,1695702388
5,3,5,2023-09-26 04:26:34.640107 +00:00,1695702394
6,3,6,2023-09-26 04:26:39.970886 +00:00,1695702399
7,3,7,2023-09-26 04:26:53.058634 +00:00,1695702413
8,4,8,2023-09-28 13:33:55.128592 +00:00,1695908035
9,5,9,2023-09-29 00:36:25.834834 +00:00,1695947785
10,5,10,2023-09-29 00:36:32.681122 +00:00,1695947792
11,5,11,2023-09-29 00:36:38.934240 +00:00,1695947798
12,5,12,2023-09-29 00:37:02.475223 +00:00,1695947822
